City_ID,City,Country,Lat,Lng,Max Temp,Humidity,Cloudiness,Wind Speed,Current Description,Date
0,Tiksi,RU,71.6872,128.8694,41.09,92,100,7.2,overcast clouds,2021-07-22 03:44:44
1,Mahebourg,MU,-20.4081,57.7,70.25,94,75,6.91,light intensity shower rain,2021-07-22 03:44:44
2,Tasiilaq,GL,65.6145,-37.6368,41.16,98,100,8.7,moderate rain,2021-07-22 03:44:45
3,West Bay,KY,19.3667,-81.4167,84.27,81,40,1.99,scattered clouds,2021-07-22 03:44:45
4,Ribeira Grande,PT,38.5167,-28.7,68.2,68,45,12.88,scattered clouds,2021-07-22 03:41:14
5,Buchanan,LR,5.8808,-10.0467,76.96,84,100,5.21,light rain,2021-07-22 03:44:45
6,Pouembout,NC,-21.1333,164.9,76.01,50,8,10.04,clear sky,2021-07-22 03:44:46
7,Dakar,SN,14.6937,-17.4441,80.73,83,40,11.5,scattered clouds,2021-07-22 03:41:17
8,Nouadhibou,MR,20.931,-17.0347,67.98,88,40,17.27,scattered clouds,2021-07-22 03:44:46
9,Salalah,OM,17.0151,54.0924,78.89,94,90,4.61,overcast clouds,2021-07-22 03:44:46
10,Olafsvik,IS,64.8945,-23.7142,52.14,96,100,11.95,light rain,2021-07-22 03:44:47
11,Raha,IN,26.2333,92.5167,84.13,85,99,0.31,overcast clouds,2021-07-22 03:44:47
12,Busselton,AU,-33.65,115.3333,57.04,65,93,7.02,overcast clouds,2021-07-22 03:44:47
13,San Carlos De Bariloche,AR,-41.1456,-71.3082,37.15,65,0,2.3,clear sky,2021-07-22 03:42:09
14,Hithadhoo,MV,-0.6,73.0833,82.36,73,100,12.82,overcast clouds,2021-07-22 03:44:47
15,Fortuna,US,40.5982,-124.1573,58.93,79,90,1.99,overcast clouds,2021-07-22 03:44:48
16,Itabera,BR,-23.8619,-49.1372,48.78,54,0,5.3,clear sky,2021-07-22 03:44:48
17,Tuktoyaktuk,CA,69.4541,-133.0374,59.0,100,90,9.22,mist,2021-07-22 03:40:26
18,Ushuaia,AR,-54.8,-68.3,37.06,75,90,2.3,overcast clouds,2021-07-22 03:44:48
19,Borgarnes,IS,64.5383,-21.9206,58.8,93,100,5.41,overcast clouds,2021-07-22 03:44:49
20,Severo-Kurilsk,RU,50.6789,156.125,53.04,90,75,5.26,broken clouds,2021-07-22 03:44:49
21,Koungheul,SN,13.9833,-14.8,80.28,82,89,10.49,overcast clouds,2021-07-22 03:44:49
22,Mataura,NZ,-46.1927,168.8643,48.47,83,54,3.38,broken clouds,2021-07-22 03:40:35
23,Lasa,IT,46.6166,10.7002,65.66,90,79,1.39,broken clouds,2021-07-22 03:44:49
24,Vaini,TO,-21.2,-175.2,78.96,78,20,10.36,few clouds,2021-07-22 03:44:50
25,Khatanga,RU,71.9667,102.5,53.69,89,100,3.49,overcast clouds,2021-07-22 03:44:50
26,Chuy,UY,-33.6971,-53.4616,46.67,81,99,5.14,overcast clouds,2021-07-22 03:40:54
27,Punta Arenas,CL,-53.15,-70.9167,33.91,93,40,4.61,scattered clouds,2021-07-22 03:42:28
28,Shieli,KZ,44.1667,66.75,87.24,28,0,11.79,clear sky,2021-07-22 03:44:50
29,Sidi Ali,DZ,36.0998,0.4206,72.39,82,0,7.23,clear sky,2021-07-22 03:44:51
30,Jamestown,US,42.097,-79.2353,60.71,89,1,1.99,clear sky,2021-07-22 03:44:51
31,Castro,BR,-24.7911,-50.0119,47.23,55,0,2.26,clear sky,2021-07-22 03:40:56
32,Haimen,CN,23.1935,116.6142,91.29,66,100,8.1,overcast clouds,2021-07-22 03:44:51
33,Marrakesh,MA,31.6315,-8.0083,80.67,44,20,6.91,few clouds,2021-07-22 03:42:49
34,Kungurtug,RU,50.5994,97.5228,79.92,31,4,2.1,clear sky,2021-07-22 03:44:52
35,Souillac,MU,-20.5167,57.5167,70.36,94,75,6.91,light intensity shower rain,2021-07-22 03:44:52
36,Santa Marta De Tormes,ES,40.9506,-5.6272,57.22,72,0,2.3,clear sky,2021-07-22 03:44:52
37,Broken Hill,AU,-31.95,141.4333,44.31,76,90,16.11,moderate rain,2021-07-22 03:44:52
38,Deputatskiy,RU,69.3,139.9,55.96,64,100,7.87,overcast clouds,2021-07-22 03:44:53
39,Saskylakh,RU,71.9167,114.0833,64.69,51,100,16.24,overcast clouds,2021-07-22 03:44:53
40,Thinadhoo,MV,0.5333,72.9333,81.7,74,100,9.62,overcast clouds,2021-07-22 03:44:53
41,Doha,QA,25.2867,51.5333,96.78,48,0,10.36,clear sky,2021-07-22 03:44:54
42,Salina Cruz,MX,16.1667,-95.2,81.95,73,23,10.94,few clouds,2021-07-22 03:40:27
43,Hambantota,LK,6.1241,81.1185,86.34,70,20,12.66,few clouds,2021-07-22 03:44:54
44,Albany,US,42.6001,-73.9662,63.0,93,1,3.87,clear sky,2021-07-22 03:44:54
45,Khani,GE,41.9563,42.9566,65.77,99,99,2.35,overcast clouds,2021-07-22 03:44:55
46,Port Alfred,ZA,-33.5906,26.891,48.36,79,91,30.94,moderate rain,2021-07-22 03:44:55
47,Cherskiy,RU,68.75,161.3,65.37,50,83,3.87,broken clouds,2021-07-22 03:42:39
48,Barrow,US,71.2906,-156.7887,37.42,87,90,19.57,overcast clouds,2021-07-22 03:43:59
49,Mar Del Plata,AR,-38.0023,-57.5575,52.12,57,0,15.01,clear sky,2021-07-22 03:43:29
50,Rikitea,PF,-23.1203,-134.9692,72.68,66,1,14.67,clear sky,2021-07-22 03:44:55
51,Luderitz,NA,-26.6481,15.1594,51.87,37,5,13.85,clear sky,2021-07-22 03:44:56
52,Taltal,CL,-25.4,-70.4833,58.57,66,15,6.22,few clouds,2021-07-22 03:44:56
53,Lebu,CL,-37.6167,-73.65,50.47,92,100,3.8,overcast clouds,2021-07-22 03:44:56
54,Ipora,BR,-16.4419,-51.1178,65.3,37,1,4.45,clear sky,2021-07-22 03:44:56
55,Kangaatsiaq,GL,68.3065,-53.4641,40.96,88,100,5.93,overcast clouds,2021-07-22 03:44:57
56,Ahipara,NZ,-35.1667,173.1667,57.7,87,97,6.44,overcast clouds,2021-07-22 03:44:57
57,Butaritari,KI,3.0707,172.7902,83.05,74,23,12.41,light rain,2021-07-22 03:44:57
58,Bam,IR,29.106,58.357,90.46,12,0,3.98,clear sky,2021-07-22 03:44:58
59,Narsaq,GL,60.9167,-46.05,48.42,95,49,2.53,scattered clouds,2021-07-22 03:44:58
60,Tabuk,PH,17.4189,121.4443,78.69,87,100,3.22,overcast clouds,2021-07-22 03:44:58
61,Cape Town,ZA,-33.9258,18.4232,44.11,94,75,6.91,broken clouds,2021-07-22 03:40:34
62,Puerto Ayora,EC,-0.7393,-90.3518,72.55,93,99,5.01,overcast clouds,2021-07-22 03:44:58
63,Atambua,ID,-9.1061,124.8925,84.16,43,99,2.57,overcast clouds,2021-07-22 03:44:59
64,Qaanaaq,GL,77.484,-69.3632,39.2,95,100,10.67,light rain,2021-07-22 03:44:59
65,Yellowknife,CA,62.456,-114.3525,70.29,64,20,12.66,smoke,2021-07-22 03:42:40
66,San Quintin,MX,30.4833,-115.95,69.57,85,48,8.43,scattered clouds,2021-07-22 03:44:59
67,Havelock,US,34.8791,-76.9013,80.94,93,1,1.99,clear sky,2021-07-22 03:45:00
68,East London,ZA,-33.0153,27.9116,48.38,67,35,27.13,light rain,2021-07-22 03:40:08
69,Marsh Harbour,BS,26.5412,-77.0636,83.41,76,100,10.83,overcast clouds,2021-07-22 03:45:00
70,Korla,CN,41.7597,86.1469,93.29,15,89,9.01,overcast clouds,2021-07-22 03:45:00
71,Emba,KZ,48.8264,58.1442,89.94,24,44,13.27,scattered clouds,2021-07-22 03:45:01
72,Nikolskoye,RU,59.7035,30.7861,58.01,66,59,6.42,broken clouds,2021-07-22 03:45:01
73,Karratha,AU,-20.7377,116.8463,83.62,34,6,10.69,clear sky,2021-07-22 03:43:37
74,Sitka,US,57.0531,-135.33,57.09,77,90,5.75,overcast clouds,2021-07-22 03:42:16
75,Bluff,NZ,-46.6,168.3333,48.79,58,42,9.71,scattered clouds,2021-07-22 03:45:01
76,Cam Ranh,VN,11.9214,109.1591,91.36,46,75,12.66,broken clouds,2021-07-22 03:42:49
77,Yuzhno-Sukhokumsk,RU,44.6581,45.6436,85.19,33,2,5.66,clear sky,2021-07-22 03:45:01
78,Maragogi,BR,-9.0122,-35.2225,73.67,83,17,10.76,few clouds,2021-07-22 03:45:03
79,Zyryanka,RU,65.75,150.85,55.4,96,100,14.43,moderate rain,2021-07-22 03:45:04
80,Pauini,BR,-7.7136,-66.9764,69.17,62,3,2.8,clear sky,2021-07-22 03:45:04
81,Broome,US,42.2506,-75.833,60.67,84,0,2.73,clear sky,2021-07-22 03:44:53
82,Almaznyy,RU,48.0448,40.045,69.94,70,10,9.93,clear sky,2021-07-22 03:45:04
83,Yaviza,PA,8.1537,-77.6931,76.24,98,99,1.34,overcast clouds,2021-07-22 03:45:05
84,Vardo,NO,70.3705,31.1107,44.8,84,100,15.37,light rain,2021-07-22 03:40:48
85,Xining,CN,36.6167,101.7667,79.59,39,28,4.92,scattered clouds,2021-07-22 03:45:05
86,Bethel,US,41.3712,-73.414,71.02,84,0,7.61,clear sky,2021-07-22 03:45:05
87,Namatanai,PG,-3.6667,152.4333,82.18,77,66,5.08,moderate rain,2021-07-22 03:45:05
88,Saint George,US,37.1041,-113.5841,89.8,41,1,5.01,clear sky,2021-07-22 03:45:06
89,Faanui,PF,-16.4833,-151.75,79.16,76,14,16.93,few clouds,2021-07-22 03:40:38
90,Tuatapere,NZ,-46.1333,167.6833,48.81,70,70,4.97,broken clouds,2021-07-22 03:45:06
91,Millau,FR,44.0833,2.9167,64.38,81,29,3.02,scattered clouds,2021-07-22 03:45:06
92,Atuona,PF,-9.8,-139.0333,77.47,67,34,14.03,scattered clouds,2021-07-22 03:40:09
93,Sinnamary,GF,5.3833,-52.95,78.89,84,13,8.41,few clouds,2021-07-22 03:45:07
94,Iralaya,HN,15.0,-83.2333,81.39,79,89,14.76,overcast clouds,2021-07-22 03:42:21
95,Rio Gallegos,AR,-51.6226,-69.2181,37.45,75,0,2.3,clear sky,2021-07-22 03:41:07
96,Fare,PF,-16.7,-151.0167,78.55,77,3,15.95,clear sky,2021-07-22 03:45:07
97,Lavrentiya,RU,65.5833,-171.0,38.57,82,100,8.43,light rain,2021-07-22 03:45:07
98,Arraial Do Cabo,BR,-22.9661,-42.0278,53.56,100,0,0.0,clear sky,2021-07-22 03:40:26
99,Hermanus,ZA,-34.4187,19.2345,43.9,70,40,11.18,light rain,2021-07-22 03:45:08
100,Faya,SA,18.3851,42.4509,60.91,87,75,9.69,broken clouds,2021-07-22 03:45:08
101,Sao Joao Da Barra,BR,-21.6403,-41.0511,64.94,87,100,4.59,overcast clouds,2021-07-22 03:45:08
102,Avarua,CK,-21.2078,-159.775,78.85,73,20,5.75,few clouds,2021-07-22 03:40:21
103,Hilo,US,19.7297,-155.09,78.53,79,75,6.91,light rain,2021-07-22 03:40:30
104,Cabo San Lucas,MX,22.8909,-109.9124,88.81,70,0,8.52,clear sky,2021-07-22 03:40:12
105,Port Pirie,AU,-33.1833,138.0167,51.89,55,92,22.57,overcast clouds,2021-07-22 03:45:09
106,Damietta,EG,31.4165,31.8133,80.49,76,0,7.11,clear sky,2021-07-22 03:45:09
107,Morros,BR,-9.4467,-46.3003,72.77,42,72,4.12,broken clouds,2021-07-22 03:45:09
108,Antibes,FR,43.5624,7.1278,72.1,82,0,6.91,clear sky,2021-07-22 03:45:10
109,Neuquen,AR,-38.9516,-68.0591,39.09,87,100,0.0,smoke,2021-07-22 03:45:10
110,Lashio,MM,22.9333,97.75,69.93,99,100,2.44,overcast clouds,2021-07-22 03:45:10
111,Hvide Sande,DK,56.0045,8.1294,60.01,77,38,14.52,scattered clouds,2021-07-22 03:45:11
112,Iquitos,PE,-3.7481,-73.2472,73.44,94,40,0.0,scattered clouds,2021-07-22 03:44:58
113,Lagoa,PT,39.05,-27.9833,66.74,75,86,15.99,overcast clouds,2021-07-22 03:45:11
114,Esperance,AU,-33.8667,121.9,55.24,57,55,16.46,broken clouds,2021-07-22 03:41:34
115,Airai,TL,-8.9266,125.4092,75.0,32,93,4.47,overcast clouds,2021-07-22 03:41:11
116,Kidal,ML,18.4411,1.4078,83.84,53,89,6.76,overcast clouds,2021-07-22 03:44:32
117,Vostok,RU,46.4856,135.8833,85.98,49,41,6.58,scattered clouds,2021-07-22 03:45:11
118,Tokur,RU,53.1333,132.9,79.75,56,100,9.35,overcast clouds,2021-07-22 03:45:12
119,Nabire,ID,-3.3667,135.4833,75.79,95,99,3.53,overcast clouds,2021-07-22 03:45:12
120,Provideniya,RU,64.3833,-173.3,53.71,66,75,8.95,broken clouds,2021-07-22 03:45:12
121,Guerrero Negro,MX,27.9769,-114.0611,69.85,84,49,14.63,scattered clouds,2021-07-22 03:40:40
122,Victoria,HK,22.2855,114.1577,91.04,75,46,1.99,scattered clouds,2021-07-22 03:45:13
123,Kenora,CA,49.8167,-94.4337,63.57,82,90,10.36,overcast clouds,2021-07-22 03:44:02
124,Chapleau,CA,47.8405,-83.4034,57.6,68,98,4.72,overcast clouds,2021-07-22 03:45:10
125,College,US,64.8569,-147.8028,80.55,43,75,6.91,smoke,2021-07-22 03:42:32
126,Tulsipur,NP,28.131,82.2973,84.2,72,74,5.64,broken clouds,2021-07-22 03:45:13
127,Kapaa,US,22.0752,-159.319,79.12,80,90,3.0,light rain,2021-07-22 03:40:24
128,Iwanuma,JP,38.1047,140.8594,92.91,83,75,11.5,broken clouds,2021-07-22 03:45:13
129,Alyangula,AU,-13.8483,136.4192,84.07,34,100,5.75,overcast clouds,2021-07-22 03:45:14
130,Bredasdorp,ZA,-34.5322,20.0403,43.92,81,69,8.05,broken clouds,2021-07-22 03:45:14
131,Pangnirtung,CA,66.1451,-65.7125,41.41,88,98,3.96,overcast clouds,2021-07-22 03:45:14
132,Ocampo,MX,21.65,-101.5,59.31,83,100,12.19,overcast clouds,2021-07-22 03:45:14
133,Codrington,AU,-38.2667,141.9667,51.19,68,100,15.75,overcast clouds,2021-07-22 03:40:20
134,Bathsheba,BB,13.2167,-59.5167,81.21,83,20,18.41,few clouds,2021-07-22 03:45:15
135,Laguna,US,38.421,-121.4238,89.42,30,1,8.05,clear sky,2021-07-22 03:45:15
136,Sabla,NG,12.7525,4.7077,77.77,74,74,9.08,broken clouds,2021-07-22 03:45:15
137,Talnakh,RU,69.4865,88.3972,66.45,44,96,17.4,overcast clouds,2021-07-22 03:45:16
138,Dondo,MZ,-19.6094,34.7431,63.91,91,0,3.02,clear sky,2021-07-22 03:45:16
139,Falun,SE,60.6036,15.626,57.61,67,8,2.44,clear sky,2021-07-22 03:45:16
140,Barranco De Loba,CO,8.946,-74.1065,79.88,68,47,1.77,scattered clouds,2021-07-22 03:45:16
141,Chokurdakh,RU,70.6333,147.9167,54.01,59,99,7.47,overcast clouds,2021-07-22 03:45:17
142,Saint-Philippe,RE,-21.3585,55.7679,65.79,74,46,14.85,scattered clouds,2021-07-22 03:45:17
143,Carnarvon,AU,-24.8667,113.6333,69.87,55,3,10.36,clear sky,2021-07-22 03:45:17
144,Bilma,NE,18.6853,12.9164,88.39,39,53,7.99,broken clouds,2021-07-22 03:45:17
145,Rancho Palos Verdes,US,33.7445,-118.387,86.7,81,20,1.99,few clouds,2021-07-22 03:45:18
146,Araouane,ML,18.9048,-3.5265,92.97,37,49,14.09,scattered clouds,2021-07-22 03:45:18
147,Pisco,PE,-13.7,-76.2167,62.65,82,90,3.44,overcast clouds,2021-07-22 03:45:18
148,Pinega,RU,64.7001,43.3936,52.21,59,100,6.76,light rain,2021-07-22 03:45:19
149,Vuktyl,RU,63.8567,57.3094,54.95,56,2,6.78,clear sky,2021-07-22 03:45:19
150,Nkoteng,CM,4.5167,12.0333,69.89,94,100,3.94,overcast clouds,2021-07-22 03:45:19
151,Nioro,GM,13.35,-15.75,78.64,86,100,6.15,overcast clouds,2021-07-22 03:45:19
152,Ilulissat,GL,69.2167,-51.1,42.82,81,75,0.0,broken clouds,2021-07-22 03:45:20
153,Poum,NC,-20.2333,164.0167,72.45,63,2,10.18,clear sky,2021-07-22 03:45:20
154,Leh,IN,34.1667,77.5833,59.7,54,28,4.81,scattered clouds,2021-07-22 03:45:20
155,Saldanha,ZA,-33.0117,17.9442,39.25,64,55,14.18,broken clouds,2021-07-22 03:45:21
156,Nemuro,JP,43.3236,145.575,79.23,91,78,10.78,broken clouds,2021-07-22 03:45:21
157,Sur,OM,22.5667,59.5289,96.08,47,66,7.2,broken clouds,2021-07-22 03:45:21
158,Fairbanks,US,64.8378,-147.7164,80.56,43,20,4.61,smoke,2021-07-22 03:42:16
159,Ponta Delgada,PT,37.7333,-25.6667,66.92,77,20,9.22,few clouds,2021-07-22 03:45:21
160,Jinchang,CN,38.4953,102.1739,90.55,24,13,13.49,few clouds,2021-07-22 03:45:22
161,Acapulco,MX,16.8634,-99.8901,80.49,86,71,6.87,broken clouds,2021-07-22 03:41:30
162,Soyo,AO,-6.1349,12.3689,69.51,90,11,5.7,few clouds,2021-07-22 03:45:22
163,New Norfolk,AU,-42.7826,147.0587,56.71,55,99,8.01,overcast clouds,2021-07-22 03:45:22
164,Aklavik,CA,68.2191,-135.0107,85.03,35,73,12.8,broken clouds,2021-07-22 03:45:23
165,Ust-Omchug,RU,61.15,149.6333,58.39,92,100,4.25,moderate rain,2021-07-22 03:45:23
166,Gerash,IR,27.6652,54.1371,80.74,44,0,6.2,clear sky,2021-07-22 03:45:23
167,Akyab,MM,20.15,92.9,80.29,89,100,21.9,very heavy rain,2021-07-22 03:45:23
168,Loudi,CN,27.7344,111.9944,90.7,60,100,6.35,overcast clouds,2021-07-22 03:45:24
169,Gimli,CA,50.6336,-96.9907,71.62,78,57,18.41,broken clouds,2021-07-22 03:45:24
170,Panguna,PG,-6.3164,155.4848,75.4,88,84,2.77,moderate rain,2021-07-22 03:45:24
171,Toowoomba,AU,-27.55,151.9667,59.74,45,2,6.6,clear sky,2021-07-22 03:45:25
172,Saint-Pierre,RE,-21.3393,55.4781,65.88,70,0,6.91,clear sky,2021-07-22 03:45:25
173,Raudeberg,NO,61.9875,5.1352,55.2,85,99,12.28,overcast clouds,2021-07-22 03:45:25
174,Fort Smith,US,35.3859,-94.3986,75.38,90,0,2.91,clear sky,2021-07-22 03:45:25
175,Cabra,ES,37.4725,-4.4421,73.65,38,0,3.47,clear sky,2021-07-22 03:45:26
176,Isangel,VU,-19.55,169.2667,80.71,78,75,5.75,broken clouds,2021-07-22 03:45:26
177,Inuvik,CA,68.3499,-133.7218,85.06,50,40,9.22,scattered clouds,2021-07-22 03:45:26
178,Belyy Yar,RU,53.6039,91.3903,73.29,60,0,4.47,clear sky,2021-07-22 03:45:26
179,Asau,RO,46.4333,26.4,63.52,90,52,5.61,broken clouds,2021-07-22 03:45:27
180,Zatoka,UA,46.0725,30.4654,68.43,76,100,28.05,overcast clouds,2021-07-22 03:45:27
181,Mindelo,CV,16.8901,-24.9804,76.55,83,40,6.91,scattered clouds,2021-07-22 03:45:27
182,Conceicao Do Araguaia,BR,-8.2578,-49.2647,77.13,61,0,2.3,clear sky,2021-07-22 03:45:27
183,Biak,ID,-0.9131,122.8766,77.54,84,100,7.92,overcast clouds,2021-07-22 03:45:28
184,Mezen,RU,65.8522,44.24,48.63,85,94,8.39,overcast clouds,2021-07-22 03:45:28
185,Mulchen,CL,-37.7167,-72.2333,50.86,83,100,1.36,overcast clouds,2021-07-22 03:45:28
186,Nioki,CD,-2.7167,17.6833,70.93,48,32,3.56,scattered clouds,2021-07-22 03:45:29
187,Margate,GB,51.3813,1.3862,62.96,90,0,1.01,clear sky,2021-07-22 03:45:29
188,Namtsy,RU,62.7161,129.6658,80.71,42,43,8.77,scattered clouds,2021-07-22 03:45:29
189,Labuan,MY,5.2767,115.2417,86.16,94,20,0.0,few clouds,2021-07-22 03:45:29
190,Biloela,AU,-24.4167,150.5,66.88,23,0,5.73,clear sky,2021-07-22 03:45:30
191,Mertert,LU,49.6961,6.4814,62.15,91,0,4.05,clear sky,2021-07-22 03:45:30
192,Kaitangata,NZ,-46.2817,169.8464,49.93,66,66,6.67,broken clouds,2021-07-22 03:45:30
193,Hobart,AU,-42.8794,147.3294,57.06,51,75,4.0,broken clouds,2021-07-22 03:45:03
194,Geraldton,AU,-28.7667,114.6,65.12,72,90,9.22,overcast clouds,2021-07-22 03:45:31
195,Sal Rei,CV,16.1833,-22.9167,75.76,89,42,8.97,scattered clouds,2021-07-22 03:45:31
196,White Plains,US,41.034,-73.7629,74.64,73,1,1.01,clear sky,2021-07-22 03:43:42
197,Seljord,NO,59.4894,8.634,58.42,92,54,5.28,broken clouds,2021-07-22 03:45:32
198,San Patricio,US,28.017,-97.5169,80.49,73,36,6.53,scattered clouds,2021-07-22 03:40:39
199,Nuuk,GL,64.1835,-51.7216,45.21,87,75,9.22,broken clouds,2021-07-22 03:45:33
200,Sfantu Gheorghe,RO,45.8667,25.7833,57.92,85,87,3.56,overcast clouds,2021-07-22 03:45:06
201,Misratah,LY,32.3754,15.0925,77.54,72,0,7.14,clear sky,2021-07-22 03:42:10
202,Henties Bay,NA,-22.116,14.2845,53.62,81,0,4.9,clear sky,2021-07-22 03:45:34
203,Port Elizabeth,ZA,-33.918,25.5701,45.1,87,75,28.77,shower rain,2021-07-22 03:41:49
204,Waitati,NZ,-45.75,170.5667,48.79,73,87,6.6,overcast clouds,2021-07-22 03:45:34
205,Kruisfontein,ZA,-34.0033,24.7314,42.89,75,96,29.19,light rain,2021-07-22 03:45:34
206,Sao Felix Do Xingu,BR,-6.6447,-51.995,73.83,47,27,2.08,scattered clouds,2021-07-22 03:42:01
207,Uray,RU,60.1247,64.7758,66.65,63,93,4.07,overcast clouds,2021-07-22 03:45:35
208,Klaksvik,FO,62.2266,-6.589,52.72,93,25,12.62,scattered clouds,2021-07-22 03:45:35
209,Seoul,KR,37.5683,126.9778,93.61,46,0,5.75,clear sky,2021-07-22 03:42:22
210,Lithgow,AU,-33.4833,150.15,51.57,30,38,6.46,scattered clouds,2021-07-22 03:45:35
211,Upernavik,GL,72.7868,-56.1549,42.42,87,100,10.67,overcast clouds,2021-07-22 03:45:36
212,Suoyarvi,RU,62.0833,32.35,56.19,59,100,9.71,overcast clouds,2021-07-22 03:45:36
213,Esna,EG,25.2934,32.554,84.22,25,24,8.95,few clouds,2021-07-22 03:45:36
214,Ancud,CL,-41.8697,-73.8203,49.53,88,100,11.77,light rain,2021-07-22 03:45:36
215,Micheweni,TZ,-4.9667,39.8333,74.84,83,5,12.59,light rain,2021-07-22 03:45:37
216,Bindi,SL,9.9167,-11.45,70.79,99,100,3.42,light rain,2021-07-22 03:45:37
217,Ler,SS,8.3018,30.1418,70.88,94,95,0.63,overcast clouds,2021-07-22 03:45:37
218,Lorengau,PG,-2.0226,147.2712,84.69,70,100,6.29,overcast clouds,2021-07-22 03:45:38
219,Kahului,US,20.8947,-156.47,82.42,70,20,23.02,few clouds,2021-07-22 03:45:38
220,Sabha,LY,27.0377,14.4283,79.61,34,1,9.75,clear sky,2021-07-22 03:45:38
221,Thompson,CA,55.7435,-97.8558,68.16,68,90,3.44,smoke,2021-07-22 03:41:45
222,Kaiyuan,CN,23.6977,103.3037,79.18,71,72,1.45,broken clouds,2021-07-22 03:45:38
223,Clyde River,CA,70.4692,-68.5914,39.43,93,90,3.44,light rain,2021-07-22 03:45:39
224,Altay,CN,47.8667,88.1167,87.82,18,100,3.31,overcast clouds,2021-07-22 03:45:39
225,Srednekolymsk,RU,67.45,153.6833,67.06,52,100,4.85,overcast clouds,2021-07-22 03:45:39
226,Ixtapa,MX,20.7,-105.2,79.77,93,100,1.68,overcast clouds,2021-07-22 03:41:46
227,Catuday,PH,16.2923,119.8062,79.61,87,100,18.75,moderate rain,2021-07-22 03:45:40
228,Marystown,CA,47.1666,-55.1483,55.69,91,100,12.26,overcast clouds,2021-07-22 03:45:40
229,Berezovyy,RU,51.6667,135.7,93.7,38,89,3.44,overcast clouds,2021-07-22 03:45:40
230,Mica,RO,46.3667,24.4167,60.71,94,75,2.3,broken clouds,2021-07-22 03:45:40
231,Tautira,PF,-17.7333,-149.15,82.0,77,44,13.65,scattered clouds,2021-07-22 03:45:41
232,Moree,AU,-29.4667,149.85,59.02,44,20,9.22,few clouds,2021-07-22 03:45:41
233,Constitucion,CL,-35.3333,-72.4167,52.93,88,100,1.36,overcast clouds,2021-07-22 03:45:41
234,Constantine,DZ,36.365,6.6147,69.21,56,0,2.3,clear sky,2021-07-22 03:45:42
235,Vysokogornyy,RU,50.1167,139.15,83.7,57,100,9.66,overcast clouds,2021-07-22 03:45:42
236,Palencia,ES,42.4167,-4.5,66.79,81,0,7.2,clear sky,2021-07-22 03:45:42
237,Naze,JP,28.3667,129.4833,81.52,89,100,28.23,light rain,2021-07-22 03:45:42
238,Kulhudhuffushi,MV,6.6221,73.07,82.65,77,100,18.25,overcast clouds,2021-07-22 03:45:43
239,Mayo,US,38.8876,-76.5119,76.95,76,1,5.01,clear sky,2021-07-22 03:45:43
240,Norman Wells,CA,65.282,-126.8329,73.44,49,75,19.57,broken clouds,2021-07-22 03:45:43
241,Pringsewu,ID,-5.3582,104.9744,90.12,53,89,2.26,overcast clouds,2021-07-22 03:45:43
242,Mercedes,AR,-34.6515,-59.4307,53.83,83,98,7.45,overcast clouds,2021-07-22 03:45:44
243,Elizabeth City,US,36.2946,-76.2511,79.02,86,1,3.44,clear sky,2021-07-22 03:45:44
244,Comodoro Rivadavia,AR,-45.8667,-67.5,55.26,50,0,11.5,clear sky,2021-07-22 03:41:16
245,Hasaki,JP,35.7333,140.8333,93.29,70,8,9.17,clear sky,2021-07-22 03:45:44
246,Dikson,RU,73.5069,80.5464,50.25,67,100,14.88,overcast clouds,2021-07-22 03:45:45
247,Adrar,MR,20.5022,-10.0711,82.0,15,51,10.0,broken clouds,2021-07-22 03:45:45
248,Begamganj,IN,23.6,78.3333,76.59,90,100,12.41,overcast clouds,2021-07-22 03:45:45
249,Gizo,SB,-8.103,156.8419,82.96,75,18,7.38,light rain,2021-07-22 03:45:45
250,Omboue,GA,-1.5746,9.2618,72.3,81,89,7.02,overcast clouds,2021-07-22 03:41:34
251,Clarence Town,AU,-32.5833,151.7833,63.07,43,1,1.81,clear sky,2021-07-22 03:45:46
252,San Cristobal,VE,7.7669,-72.225,64.13,98,96,4.43,overcast clouds,2021-07-22 03:45:46
253,Del Rio,US,29.3627,-100.8968,82.51,66,1,9.22,clear sky,2021-07-22 03:40:57
254,Nanortalik,GL,60.1432,-45.2371,42.53,97,97,12.24,overcast clouds,2021-07-22 03:45:47
255,Port Hardy,CA,50.6996,-127.4199,55.58,94,90,4.61,light intensity shower rain,2021-07-22 03:45:47
256,Vondrozo,MG,-22.8167,47.2833,55.99,96,2,2.3,clear sky,2021-07-22 03:45:47
257,Hami,CN,42.8,93.45,96.4,15,28,2.59,scattered clouds,2021-07-22 03:45:47
258,Niamey,NE,13.5137,2.1098,80.89,74,0,4.61,clear sky,2021-07-22 03:45:48
259,Sangar,RU,63.9242,127.4739,76.21,45,68,8.57,broken clouds,2021-07-22 03:45:48
260,Iqaluit,CA,63.7506,-68.5145,42.53,86,75,5.99,broken clouds,2021-07-22 03:45:48
261,Teguldet,RU,57.3064,88.1667,76.23,50,71,2.73,broken clouds,2021-07-22 03:45:48
262,Indramayu,ID,-6.3264,108.32,84.76,65,93,7.63,overcast clouds,2021-07-22 03:45:49
263,Te Anau,NZ,-45.4167,167.7167,45.61,83,46,3.2,scattered clouds,2021-07-22 03:45:49
264,Gravdal,NO,68.1214,13.5031,49.84,90,100,15.23,overcast clouds,2021-07-22 03:45:49
265,Torbay,CA,47.6666,-52.7314,50.76,99,90,13.8,fog,2021-07-22 03:41:23
266,Ahero,KE,-0.1746,34.9163,62.58,77,12,5.59,few clouds,2021-07-22 03:45:50
267,Yulara,AU,-25.2406,130.9889,75.04,29,0,20.71,clear sky,2021-07-22 03:45:50
268,Cedral,MX,23.8,-100.7333,66.99,72,65,10.6,broken clouds,2021-07-22 03:45:50
269,Sola,VU,-13.8833,167.55,80.15,79,34,12.33,scattered clouds,2021-07-22 03:41:36
270,Dingle,PH,10.9995,122.6711,86.49,67,74,20.49,broken clouds,2021-07-22 03:45:51
271,Pevek,RU,69.7008,170.3133,43.86,67,3,7.49,clear sky,2021-07-22 03:45:51
272,Shirochanka,RU,46.6497,38.3978,76.37,78,9,7.11,clear sky,2021-07-22 03:45:51
273,Maymyo,MM,22.0333,96.4667,78.17,84,85,5.19,overcast clouds,2021-07-22 03:45:51
274,Lakatoro,VU,-16.0999,167.4164,81.27,73,30,5.97,scattered clouds,2021-07-22 03:45:52
275,Georgetown,MY,5.4112,100.3354,89.55,66,20,7.0,few clouds,2021-07-22 03:45:52
276,Urumqi,CN,43.801,87.6005,88.75,21,0,6.71,clear sky,2021-07-22 03:45:52
277,Kholodnyy,RU,62.7167,147.95,60.24,92,100,4.21,light rain,2021-07-22 03:45:52
278,Atar,MR,20.5169,-13.0499,82.2,19,5,7.87,clear sky,2021-07-22 03:45:53
279,Moron,AR,-34.6534,-58.6198,54.99,73,100,4.0,overcast clouds,2021-07-22 03:45:53
280,Sorland,NO,67.667,12.6934,50.27,89,100,20.49,overcast clouds,2021-07-22 03:45:53
281,West Odessa,US,31.8424,-102.4988,80.08,45,1,9.22,clear sky,2021-07-22 03:45:53
282,Camacha,PT,33.0833,-16.3333,67.53,83,40,11.5,scattered clouds,2021-07-22 03:45:54
283,Vradiyivka,UA,47.862,30.5919,62.71,77,96,13.96,overcast clouds,2021-07-22 03:45:54
284,Boyolangu,ID,-8.1181,111.8935,83.8,61,52,8.72,broken clouds,2021-07-22 03:45:54
285,Ponta Do Sol,PT,32.6667,-17.1,71.01,82,0,4.21,clear sky,2021-07-22 03:45:55
286,Ilheus,BR,-14.7889,-39.0494,70.57,80,96,8.19,overcast clouds,2021-07-22 03:45:55
287,Nautla,MX,20.2167,-96.7833,81.27,84,64,10.49,broken clouds,2021-07-22 03:45:55
288,Qasigiannguit,GL,68.8193,-51.1922,43.05,92,91,2.19,overcast clouds,2021-07-22 03:45:55
289,Husavik,IS,66.0449,-17.3389,57.11,86,0,4.23,clear sky,2021-07-22 03:45:56
290,Lakes Entrance,AU,-37.8811,147.981,57.58,48,63,5.48,broken clouds,2021-07-22 03:45:56
291,Padang,ID,-0.9492,100.3543,85.28,63,81,4.7,broken clouds,2021-07-22 03:45:56
292,Bambous Virieux,MU,-20.3428,57.7575,70.21,94,75,6.91,light intensity shower rain,2021-07-22 03:45:57
293,Coihaique,CL,-45.5752,-72.0662,48.15,76,0,5.75,clear sky,2021-07-22 03:45:57
294,Northam,GB,51.0333,-4.2167,68.31,74,100,6.22,overcast clouds,2021-07-22 03:45:57
295,Vila Velha,BR,-20.3297,-40.2925,64.35,94,75,0.0,broken clouds,2021-07-22 03:45:57
296,Balabac,PH,7.9868,117.0645,85.96,72,100,16.53,overcast clouds,2021-07-22 03:45:58
297,Naantali,FI,60.4674,22.0243,62.85,88,0,5.75,clear sky,2021-07-22 03:45:58
298,Shetpe,KZ,44.1667,52.1167,89.69,27,1,1.52,clear sky,2021-07-22 03:45:58
299,Cisarua,ID,-6.6527,106.471,80.76,61,55,2.44,broken clouds,2021-07-22 03:45:58
300,Vila Franca Do Campo,PT,37.7167,-25.4333,66.61,80,83,6.4,broken clouds,2021-07-22 03:45:59
301,Talaya,RU,61.3833,152.75,60.42,91,100,5.19,light rain,2021-07-22 03:45:59
302,Sawakin,SD,19.1059,37.3321,87.62,57,52,14.85,broken clouds,2021-07-22 03:45:59
303,Mombetsu,JP,44.3525,143.3525,74.86,100,75,5.75,fog,2021-07-22 03:45:59
304,Languyan,PH,5.2618,120.0807,85.91,71,100,13.2,overcast clouds,2021-07-22 03:46:00
305,Energetik,RU,51.7445,58.7934,78.4,55,1,4.7,clear sky,2021-07-22 03:46:00
306,Bereznik,RU,62.8551,42.7072,55.26,45,82,5.82,broken clouds,2021-07-22 03:46:00
307,Neiafu,TO,-18.65,-173.9833,81.28,74,40,10.36,scattered clouds,2021-07-22 03:46:00
308,Ugoofaaru,MV,5.6667,73.0,82.9,76,95,17.2,overcast clouds,2021-07-22 03:46:01
309,Bambanglipuro,ID,-7.95,110.2833,83.91,65,68,10.47,broken clouds,2021-07-22 03:46:01
310,Mastic Beach,US,40.7668,-72.8521,73.04,81,1,1.99,clear sky,2021-07-22 03:46:01
311,Kununurra,AU,-15.7667,128.7333,91.38,14,90,3.44,overcast clouds,2021-07-22 03:46:02
312,Belaya Gora,RU,68.5333,146.4167,65.98,42,87,8.5,overcast clouds,2021-07-22 03:46:02
313,Chapais,CA,49.7834,-74.8492,62.38,58,97,3.09,overcast clouds,2021-07-22 03:46:02
314,Passagem Franca,BR,-6.1797,-43.7836,78.78,39,12,8.61,few clouds,2021-07-22 03:46:02
315,Odweyne,SO,9.4092,45.064,71.56,56,12,20.36,few clouds,2021-07-22 03:46:03
316,Katsuura,JP,35.1333,140.3,89.71,69,18,7.76,few clouds,2021-07-22 03:46:03
317,Portland,US,45.5234,-122.6762,71.64,50,20,1.01,few clouds,2021-07-22 03:45:10
318,Cayenne,GF,4.9333,-52.3333,82.09,82,0,3.0,clear sky,2021-07-22 03:46:03
319,Kirovskiy,RU,45.0917,133.5136,91.0,52,41,4.92,scattered clouds,2021-07-22 03:46:04
320,Nadym,RU,65.5333,72.5167,62.87,69,77,16.26,broken clouds,2021-07-22 03:46:04
321,Hualmay,PE,-11.0964,-77.6139,62.83,84,14,9.64,few clouds,2021-07-22 03:46:04
322,Anadyr,RU,64.75,177.4833,59.5,62,20,8.95,few clouds,2021-07-22 03:46:04
323,Sao Francisco,BR,-15.9486,-44.8644,67.93,56,0,6.11,clear sky,2021-07-22 03:44:59
324,Pitkyaranta,RU,61.5734,31.4792,56.95,67,100,13.47,overcast clouds,2021-07-22 03:46:05
325,Barra Patuca,HN,15.8,-84.2833,79.9,85,46,10.51,scattered clouds,2021-07-22 03:46:05
326,Arkhangelsk,RU,64.5401,40.5433,50.11,93,75,6.71,light rain,2021-07-22 03:46:05
327,Bukachacha,RU,52.9833,116.9167,68.29,96,100,4.59,moderate rain,2021-07-22 03:46:06
328,Sabzevar,IR,36.2126,57.6819,72.68,33,20,0.0,few clouds,2021-07-22 03:46:06
329,Asyut,EG,27.181,31.1837,84.38,40,0,11.21,clear sky,2021-07-22 03:46:06
330,Kudahuvadhoo,MV,2.6708,72.8944,82.69,74,100,12.37,overcast clouds,2021-07-22 03:46:06
331,Koslan,RU,63.4564,48.8989,53.35,54,69,6.04,broken clouds,2021-07-22 03:46:07
332,Piskivka,UA,50.6938,29.6193,65.41,72,5,9.6,clear sky,2021-07-22 03:46:07
333,Ahuimanu,US,21.4447,-157.8378,82.11,69,75,14.97,broken clouds,2021-07-22 03:46:07
334,Pankovka,RU,58.5,31.1999,54.1,65,4,7.27,clear sky,2021-07-22 03:46:08
335,Puerto Carreno,CO,6.189,-67.4859,75.54,91,99,3.31,overcast clouds,2021-07-22 03:46:08
336,Shenjiamen,CN,29.9576,122.298,81.55,84,45,21.65,light rain,2021-07-22 03:46:08
337,San Juan,AR,-31.5375,-68.5364,53.28,28,82,1.99,broken clouds,2021-07-22 03:46:09
338,Kampene,CD,-3.6,26.6667,68.05,50,0,2.44,clear sky,2021-07-22 03:46:09
339,Barmer,IN,25.75,71.3833,86.63,61,19,17.16,few clouds,2021-07-22 03:46:09
340,Benxi,CN,41.2886,123.765,91.56,39,100,4.25,overcast clouds,2021-07-22 03:46:10
341,Lompoc,US,34.6391,-120.4579,70.09,80,1,11.5,clear sky,2021-07-22 03:46:10
342,Russell,US,32.3502,-85.1999,76.51,94,20,0.0,few clouds,2021-07-22 03:46:10
343,Jaciara,BR,-15.9653,-54.9683,67.5,35,0,1.5,clear sky,2021-07-22 03:46:11
344,Necochea,AR,-38.5473,-58.7368,46.69,74,100,10.16,overcast clouds,2021-07-22 03:46:11
345,Port-Gentil,GA,-0.7193,8.7815,74.17,77,81,12.26,broken clouds,2021-07-22 03:41:57
346,Wellington,NZ,-41.2866,174.7756,55.76,78,75,1.01,moderate rain,2021-07-22 03:43:30
347,Praia,CV,14.9215,-23.5087,77.54,88,0,3.44,clear sky,2021-07-22 03:46:12
348,Santa Marinella,IT,42.0345,11.8536,75.7,61,42,4.38,scattered clouds,2021-07-22 03:46:12
349,Mount Isa,AU,-20.7333,139.5,80.37,18,6,9.22,clear sky,2021-07-22 03:46:12
350,Gumdag,TM,39.2061,54.5906,93.49,15,16,18.28,few clouds,2021-07-22 03:46:13
351,Vawkavysk,BY,53.1561,24.4513,53.29,84,0,4.29,clear sky,2021-07-22 03:46:13
352,Lampang,TH,18.3333,99.5,82.35,74,0,6.91,clear sky,2021-07-22 03:46:13
353,Munger,IN,25.3833,86.4667,90.95,62,86,11.01,heavy intensity rain,2021-07-22 03:46:13
354,Kavieng,PG,-2.5744,150.7967,83.46,74,93,6.85,light rain,2021-07-22 03:46:14
355,Maxixe,MZ,-23.8597,35.3472,66.02,93,20,7.0,few clouds,2021-07-22 03:46:14
356,Gull Lake,CA,50.1001,-108.4847,77.36,38,50,10.69,scattered clouds,2021-07-22 03:46:14
357,Kenai,US,60.5544,-151.2583,59.09,92,90,10.36,light rain,2021-07-22 03:46:14
358,Sarankhola,BD,22.3082,89.7897,87.17,74,99,15.66,overcast clouds,2021-07-22 03:46:15
359,Sompeta,IN,18.9333,84.6,86.0,70,100,2.01,overcast clouds,2021-07-22 03:46:15
360,Picota,PE,-6.9197,-76.3304,68.92,83,3,1.03,clear sky,2021-07-22 03:46:15
361,Alofi,NU,-19.0595,-169.9187,78.69,78,75,17.27,broken clouds,2021-07-22 03:46:16
362,Kang,BW,-23.6752,22.7876,30.87,53,0,8.7,clear sky,2021-07-22 03:46:16
363,Shangqiu,CN,34.45,115.65,76.6,87,100,8.03,light rain,2021-07-22 03:46:16
364,Pismo Beach,US,35.1428,-120.6413,72.84,72,1,1.01,clear sky,2021-07-22 03:46:16
365,Sehithwa,BW,-20.4667,22.7167,44.42,30,0,6.85,clear sky,2021-07-22 03:46:17
366,Chernenko,RU,44.365,39.3103,74.77,83,37,6.55,scattered clouds,2021-07-22 03:46:17
367,Chernyshevskiy,RU,63.0128,112.4714,73.67,38,40,6.06,scattered clouds,2021-07-22 03:46:17
368,Mahina,PF,-17.5065,-149.489,81.75,69,40,4.61,scattered clouds,2021-07-22 03:46:17
369,Tortoli,IT,39.9256,9.6572,75.02,69,0,6.91,clear sky,2021-07-22 03:46:18
370,Ajaccio,FR,42.0,8.9167,66.25,77,0,5.75,clear sky,2021-07-22 03:46:18
371,Matay,EG,28.419,30.7792,80.55,56,0,11.18,clear sky,2021-07-22 03:46:18
372,Norfolk,US,42.1668,-71.2495,69.46,83,20,6.91,few clouds,2021-07-22 03:46:19
373,Pantelimon,RO,44.45,26.2,69.4,76,0,1.01,clear sky,2021-07-22 03:46:19
374,Wodonga,AU,-36.1167,146.8833,51.69,74,40,5.01,scattered clouds,2021-07-22 03:46:19
375,Ketchikan,US,55.3422,-131.6461,55.87,100,90,5.75,light rain,2021-07-22 03:46:19
376,Zhireken,RU,52.8249,117.3076,67.39,97,100,6.87,moderate rain,2021-07-22 03:46:20
377,Dzhankoy,UA,45.7167,34.4,71.53,82,0,11.01,clear sky,2021-07-22 03:46:20
378,Malinyi,TZ,-8.9333,36.1333,70.21,69,98,0.89,overcast clouds,2021-07-22 03:46:20
379,Cururupu,BR,-1.8283,-44.8683,72.9,98,10,1.95,clear sky,2021-07-22 03:46:20
380,Maningrida,AU,-12.0667,134.2667,84.13,43,63,9.69,broken clouds,2021-07-22 03:46:21
381,Tsuyama,JP,35.05,134.0,90.82,43,100,5.59,overcast clouds,2021-07-22 03:46:21
382,Tezu,IN,27.9167,96.1667,93.18,54,60,2.89,broken clouds,2021-07-22 03:46:21
383,Goderich,CA,43.7501,-81.7165,63.91,88,53,4.61,broken clouds,2021-07-22 03:43:02
384,Flinders,AU,-34.5833,150.8552,63.21,54,12,4.0,few clouds,2021-07-22 03:42:25
385,Wuwei,CN,37.9281,102.6414,91.74,23,32,9.98,scattered clouds,2021-07-22 03:46:22
386,Wladyslawowo,PL,54.7909,18.4009,57.94,86,2,6.96,clear sky,2021-07-22 03:46:22
387,Umm Kaddadah,SD,13.6017,26.6876,73.69,74,100,3.24,overcast clouds,2021-07-22 03:46:22
388,Waw,SS,7.7029,27.9953,68.02,89,92,4.21,overcast clouds,2021-07-22 03:46:23
389,Yumen,CN,40.2833,97.2,84.0,34,100,19.3,overcast clouds,2021-07-22 03:46:23
390,Nhulunbuy,AU,-12.2333,136.7667,84.81,51,20,10.36,few clouds,2021-07-22 03:46:23
391,Kedrovyy,RU,56.1667,91.8167,73.81,41,11,2.68,few clouds,2021-07-22 03:46:23
392,Viseu,PT,40.661,-7.9097,58.86,94,24,0.72,few clouds,2021-07-22 03:46:24
393,Batagay-Alyta,RU,67.8006,130.4114,67.62,45,9,4.76,clear sky,2021-07-22 03:46:24
394,Calama,CL,-22.4667,-68.9333,46.89,9,0,20.71,clear sky,2021-07-22 03:46:24
395,Cabo Rojo,PR,18.0866,-67.1457,80.73,87,5,7.85,clear sky,2021-07-22 03:46:24
396,Udachnyy,RU,66.4167,112.4,70.66,57,31,10.96,light rain,2021-07-22 03:46:25
397,Mount Gambier,AU,-37.8333,140.7667,49.91,66,90,19.57,light rain,2021-07-22 03:43:52
398,Verkhnyaya Inta,RU,65.9811,60.3094,46.56,78,80,19.17,broken clouds,2021-07-22 03:46:25
399,Kerema,PG,-7.9631,145.7785,80.08,82,90,9.1,overcast clouds,2021-07-22 03:44:23
400,Roma,US,43.2128,-75.4557,63.41,92,20,0.0,few clouds,2021-07-22 03:46:25
401,Chumikan,RU,54.7183,135.315,82.8,48,79,12.48,broken clouds,2021-07-22 03:46:26
402,Arcachon,FR,44.5875,-1.0519,71.92,100,90,2.3,fog,2021-07-22 03:46:26
403,Kokopo,PG,-4.352,152.2633,84.29,70,61,10.4,light rain,2021-07-22 03:46:26
404,Whitianga,NZ,-36.8333,175.7,57.47,86,62,8.95,broken clouds,2021-07-22 03:46:26
405,Pirovskoye,RU,57.6267,92.2658,72.93,52,51,2.73,broken clouds,2021-07-22 03:46:27
406,Lazarev,RU,52.225,141.5131,60.87,96,100,21.79,overcast clouds,2021-07-22 03:46:27
407,Cuamba,MZ,-14.8031,36.5372,69.46,62,100,1.1,overcast clouds,2021-07-22 03:46:27
408,Mabaruma,GY,8.2,-59.7833,73.18,99,96,2.24,overcast clouds,2021-07-22 03:46:28
409,Houston,US,29.7633,-95.3633,82.09,81,40,1.01,scattered clouds,2021-07-22 03:43:23
410,Aden,YE,12.7794,45.0367,83.97,70,8,20.11,clear sky,2021-07-22 03:46:28
411,Tual,ID,-5.6667,132.75,79.95,80,81,18.25,broken clouds,2021-07-22 03:46:28
412,Sao Filipe,CV,14.8961,-24.4956,75.6,88,42,6.15,scattered clouds,2021-07-22 03:46:28
413,La Rioja,ES,42.25,-2.5,64.04,62,0,5.01,clear sky,2021-07-22 03:46:29
414,Sao Gabriel Da Cachoeira,BR,-0.1303,-67.0892,70.77,98,63,1.63,broken clouds,2021-07-22 03:46:29
415,Anshun,CN,26.25,105.9333,77.02,72,81,5.17,broken clouds,2021-07-22 03:43:05
416,Muros,ES,42.7762,-9.0603,63.99,89,33,3.87,scattered clouds,2021-07-22 03:46:30
417,Longyearbyen,SJ,78.2186,15.6401,42.64,70,20,0.0,few clouds,2021-07-22 03:46:30
418,Lata,PT,40.1629,-8.3327,62.04,87,98,3.56,overcast clouds,2021-07-22 03:46:30
419,Tigil,RU,57.8,158.6667,70.97,51,98,9.93,overcast clouds,2021-07-22 03:46:31
420,Ukiah,US,39.1502,-123.2078,80.49,28,1,6.91,clear sky,2021-07-22 03:46:31
421,Joshimath,IN,30.5667,79.5667,70.83,96,100,2.19,overcast clouds,2021-07-22 03:46:31
422,Riyadh,SA,24.6877,46.7219,96.94,28,30,9.53,scattered clouds,2021-07-22 03:46:32
423,Maharajganj,IN,27.1333,83.5667,88.61,71,84,11.61,broken clouds,2021-07-22 03:46:32
424,Raipur,IN,21.2333,81.6333,80.74,89,75,5.75,haze,2021-07-22 03:45:11
425,Nuristan,AF,35.3,70.8333,52.66,45,47,1.74,scattered clouds,2021-07-22 03:46:32
426,Bereda,ES,43.2686,-7.5406,63.41,100,95,1.28,overcast clouds,2021-07-22 03:46:33
427,Richards Bay,ZA,-28.783,32.0377,55.47,88,0,4.32,clear sky,2021-07-22 03:46:33
428,Los Llanos De Aridane,ES,28.6585,-17.9182,65.95,88,0,14.97,clear sky,2021-07-22 03:46:33
429,Maumere,ID,-8.6199,122.2111,83.8,62,80,4.7,broken clouds,2021-07-22 03:46:34
430,Darhan,MN,49.4867,105.9228,71.85,64,30,3.69,scattered clouds,2021-07-22 03:46:34
431,Burkburnett,US,34.0979,-98.5706,78.89,72,1,1.01,clear sky,2021-07-22 03:46:34
432,Kamenka,RU,51.3223,42.7678,63.57,90,100,10.89,overcast clouds,2021-07-22 03:46:34
433,Avera,US,33.194,-82.5271,78.71,88,99,5.21,overcast clouds,2021-07-22 03:46:35
434,Santiago Del Estero,AR,-27.7951,-64.2615,52.81,34,3,8.66,clear sky,2021-07-22 03:46:35
435,Katobu,ID,-4.9408,122.5276,81.81,74,63,3.2,broken clouds,2021-07-22 03:46:35
436,Uvat,RU,59.1433,68.8953,71.29,64,71,3.78,broken clouds,2021-07-22 03:46:35
437,Dunedin,NZ,-45.8742,170.5036,48.79,72,93,11.01,overcast clouds,2021-07-22 03:41:56
438,Shelby,US,35.2001,-89.8668,80.38,87,19,1.01,few clouds,2021-07-22 03:46:36
439,Quatre Cocos,MU,-20.2078,57.7625,70.09,66,74,16.24,broken clouds,2021-07-22 03:46:36
440,La Tuque,CA,47.4334,-72.7824,59.25,77,100,1.14,overcast clouds,2021-07-22 03:43:43
441,Zhaotong,CN,27.3167,103.7167,74.73,67,25,1.72,scattered clouds,2021-07-22 03:46:36
442,Bandarbeyla,SO,9.4942,50.8122,81.88,63,19,24.25,few clouds,2021-07-22 03:46:37
443,Tegh,AM,39.5579,46.4772,74.64,40,0,3.58,clear sky,2021-07-22 03:46:37
444,Fort Saint James,CA,54.4333,-124.25,55.71,59,95,3.94,overcast clouds,2021-07-22 03:46:37
445,Itaguacu,BR,-19.8019,-40.8556,59.88,96,7,2.17,clear sky,2021-07-22 03:46:37
446,Stromness,GB,58.965,-3.296,53.85,91,4,8.08,clear sky,2021-07-22 03:46:38
447,Hamilton,US,39.1834,-84.5333,70.21,84,1,0.0,clear sky,2021-07-22 03:41:44
448,Port Hedland,AU,-20.3167,118.5667,84.25,42,8,11.5,clear sky,2021-07-22 03:42:31
449,Kropotkin,RU,45.4375,40.5756,77.25,80,28,11.16,scattered clouds,2021-07-22 03:46:38
450,Preston,GB,53.7667,-2.7167,67.66,53,0,4.59,clear sky,2021-07-22 03:46:39
451,Berettyoujfalu,HU,47.2167,21.55,66.34,72,57,4.54,broken clouds,2021-07-22 03:46:39
452,Abu Samrah,SY,35.3029,37.1841,74.7,70,0,16.4,clear sky,2021-07-22 03:46:39
453,Limoges,FR,45.75,1.3333,66.76,59,0,10.36,clear sky,2021-07-22 03:46:39
454,Linhares,BR,-19.3911,-40.0722,61.77,96,23,2.57,few clouds,2021-07-22 03:46:40
455,Manali,IN,13.1667,80.2667,86.09,54,100,21.14,overcast clouds,2021-07-22 03:46:40
456,Ostrovnoy,RU,68.0531,39.5131,49.12,77,100,7.76,overcast clouds,2021-07-22 03:46:40
457,Harindanga,IN,22.0383,88.3214,87.78,75,100,17.11,overcast clouds,2021-07-22 03:46:41
458,Cidreira,BR,-30.1811,-50.2056,52.56,68,0,3.83,clear sky,2021-07-22 03:46:41
459,Plettenberg Bay,ZA,-34.0527,23.3716,48.83,76,99,21.97,light rain,2021-07-22 03:46:41
460,Leningradskiy,RU,69.3833,178.4167,39.58,75,100,5.7,overcast clouds,2021-07-22 03:46:41
461,Ngunguru,NZ,-35.6167,174.5,58.66,82,74,9.42,light rain,2021-07-22 03:46:42
462,Nurobod,UZ,40.9056,69.8023,81.45,25,0,5.53,clear sky,2021-07-22 03:46:42
463,Tilichiki,RU,60.4667,166.1,66.25,52,81,14.29,broken clouds,2021-07-22 03:46:42
464,Viedma,AR,-40.8135,-62.9967,51.4,46,100,12.66,overcast clouds,2021-07-22 03:46:43
465,Iwaki,JP,37.05,140.8833,90.21,68,53,7.76,broken clouds,2021-07-22 03:46:43
466,Sergeyevka,KZ,53.88,67.4158,78.12,46,21,13.35,few clouds,2021-07-22 03:46:43
467,Half Moon Bay,US,37.4636,-122.4286,69.33,82,20,13.8,few clouds,2021-07-22 03:46:20
468,Kodiak,US,57.79,-152.4072,54.18,89,99,7.02,overcast clouds,2021-07-22 03:46:43
469,Burnie,AU,-41.0667,145.9167,51.93,85,100,12.5,overcast clouds,2021-07-22 03:46:44
470,Coari,BR,-4.085,-63.1414,76.93,73,74,1.1,broken clouds,2021-07-22 03:46:44
471,Pedernales,DO,18.0384,-71.744,81.01,72,84,5.95,broken clouds,2021-07-22 03:46:44
472,Kavaratti,IN,10.5669,72.642,82.67,81,100,23.13,overcast clouds,2021-07-22 03:46:45
473,Dossor,KZ,47.5272,52.9811,94.55,25,5,3.51,clear sky,2021-07-22 03:46:45
474,Whitehorse,CA,60.7161,-135.0538,65.17,59,75,8.99,thunderstorm with light rain,2021-07-22 03:45:09
475,Tonj,SS,7.2737,28.6822,68.36,97,97,0.89,overcast clouds,2021-07-22 03:46:45
476,Pangody,RU,65.85,74.4859,63.93,70,100,15.19,overcast clouds,2021-07-22 03:46:45
477,Hay River,CA,60.8156,-115.7999,71.58,60,90,9.22,smoke,2021-07-22 03:46:46
478,Eggenfelden,DE,48.4054,12.7626,60.04,94,1,4.03,clear sky,2021-07-22 03:46:46
479,Bonfim,BR,3.0833,-59.95,75.78,87,79,4.34,broken clouds,2021-07-22 03:46:46
480,Chickasha,US,35.0526,-97.9364,77.45,73,1,5.75,clear sky,2021-07-22 03:46:32
481,Lazaro Cardenas,MX,17.9583,-102.2,80.74,85,18,3.09,few clouds,2021-07-22 03:46:47
482,The Valley,AI,18.217,-63.0578,82.26,77,3,20.51,clear sky,2021-07-22 03:46:47
483,Iwanai,JP,42.9744,140.5089,82.69,64,97,5.91,overcast clouds,2021-07-22 03:46:47
484,Luziania,BR,-16.2525,-47.9503,67.69,60,7,5.01,clear sky,2021-07-22 03:46:47
485,Ronneby,SE,56.21,15.276,52.3,100,40,2.3,fog,2021-07-22 03:46:48
486,Azacualpa,HN,15.3433,-88.5514,77.65,99,76,0.6,broken clouds,2021-07-22 03:46:48
487,Saint-Augustin,CA,51.226,-58.6502,56.41,62,100,7.11,overcast clouds,2021-07-22 03:46:48
488,Igarka,RU,67.4667,86.5833,65.48,58,100,19.51,overcast clouds,2021-07-22 03:46:48
489,Kastamonu,TR,41.5,33.6667,63.95,79,67,3.31,broken clouds,2021-07-22 03:46:49
490,Port Augusta,AU,-32.5,137.7667,51.94,45,99,24.67,overcast clouds,2021-07-22 03:46:49
491,Dong Hoi,VN,17.4833,106.6,82.27,72,100,14.52,overcast clouds,2021-07-22 03:46:49
492,Korem,ET,12.5058,39.5228,55.24,84,100,10.83,overcast clouds,2021-07-22 03:46:50
493,Alghero,IT,40.5589,8.3181,66.29,88,0,3.44,clear sky,2021-07-22 03:46:50
494,Port Moresby,PG,-9.4431,147.1797,83.62,70,75,11.5,haze,2021-07-22 03:44:00
495,Jawhar,SO,2.7809,45.5005,74.61,86,48,13.73,scattered clouds,2021-07-22 03:46:50
496,Tromso,NO,69.6496,18.957,48.85,93,75,17.27,broken clouds,2021-07-22 03:46:50
497,Bobrovka,RU,54.047,61.7455,72.68,74,21,4.68,few clouds,2021-07-22 03:46:51
498,Saint-Francois,FR,46.4154,3.9054,54.84,98,90,2.3,fog,2021-07-22 03:46:51
499,Catumbela,AO,-12.4314,13.5472,67.64,86,2,2.01,clear sky,2021-07-22 03:46:51
500,Luwuk,ID,-0.9516,122.7875,78.98,88,100,6.35,light rain,2021-07-22 03:46:51
501,Lagos,NG,6.5833,3.75,77.32,79,93,5.1,overcast clouds,2021-07-22 03:46:52
502,Labuhan,ID,-6.8844,112.2051,86.41,59,89,3.38,overcast clouds,2021-07-22 03:46:52
503,Umm Bab,QA,25.2142,50.8072,94.68,51,8,3.09,clear sky,2021-07-22 03:43:54
504,Mangrol,IN,21.1167,70.1167,83.3,83,100,21.94,overcast clouds,2021-07-22 03:46:52
505,Kupang,ID,-10.1667,123.5833,88.38,51,20,11.5,few clouds,2021-07-22 03:42:13
506,Manta,EC,-0.95,-80.7333,73.18,83,75,10.36,broken clouds,2021-07-22 03:46:53
507,Ambon,ID,-3.6954,128.1814,78.94,89,40,2.3,light rain,2021-07-22 03:46:53
508,Port Blair,IN,11.6667,92.75,82.85,85,100,22.55,overcast clouds,2021-07-22 03:46:53
509,Okhotsk,RU,59.3833,143.3,57.18,90,100,6.62,overcast clouds,2021-07-22 03:46:54
510,Filingue,NE,14.3521,3.3168,84.04,56,61,6.04,broken clouds,2021-07-22 03:46:54
511,San Carlos,VE,9.6612,-68.5827,73.99,90,34,1.34,scattered clouds,2021-07-22 03:44:09
512,Zemio,CF,5.0314,25.1361,67.64,91,100,1.83,light rain,2021-07-22 03:46:54
513,Brigham City,US,41.5102,-112.0155,87.82,21,1,14.97,clear sky,2021-07-22 03:46:54
514,La Ronge,CA,55.1001,-105.2842,68.25,88,90,4.61,smoke,2021-07-22 03:46:55
515,Tongren,CN,27.7172,109.1853,85.33,79,61,4.83,light rain,2021-07-22 03:46:55
516,Inta,RU,66.0317,60.1659,46.62,76,81,19.6,broken clouds,2021-07-22 03:46:55
517,Benguela,AO,-12.5763,13.4055,67.21,87,0,2.68,clear sky,2021-07-22 03:46:56
518,Moerai,PF,-22.4333,-151.3333,73.71,70,18,7.45,few clouds,2021-07-22 03:46:56
519,Marawi,PH,7.9986,124.2928,81.75,53,100,8.46,overcast clouds,2021-07-22 03:46:56
520,Katangli,RU,51.7102,143.2326,76.26,71,100,5.32,overcast clouds,2021-07-22 03:46:57
521,Numaligarh,IN,26.6333,93.75,88.32,78,80,5.37,broken clouds,2021-07-22 03:46:57
522,Tarabha,IN,20.7333,83.65,83.64,74,100,4.9,overcast clouds,2021-07-22 03:46:57
523,Mareeba,AU,-17.0,145.4333,82.33,52,65,5.7,broken clouds,2021-07-22 03:44:10
524,Nalut,LY,30.3333,10.85,74.39,39,0,9.4,clear sky,2021-07-22 03:46:58
525,Port Lincoln,AU,-34.7333,135.8667,47.35,86,100,9.71,overcast clouds,2021-07-22 03:46:58
526,Ouadda,CF,8.0777,22.4007,67.98,94,100,3.09,overcast clouds,2021-07-22 03:46:58
527,Aksu,CN,41.1231,80.2644,63.79,87,100,2.28,light rain,2021-07-22 03:46:58
528,Kulmbach,DE,50.1,11.45,56.7,91,1,2.82,clear sky,2021-07-22 03:46:59
529,Bintulu,MY,3.1667,113.0333,84.61,74,20,5.01,few clouds,2021-07-22 03:46:59
530,Amapa,BR,1.0,-52.0,71.1,99,93,1.88,overcast clouds,2021-07-22 03:46:59
531,Ndola,ZM,-12.9587,28.6366,37.74,81,4,4.85,clear sky,2021-07-22 03:47:00
532,Safford,US,32.834,-109.7076,94.12,26,20,5.75,few clouds,2021-07-22 03:47:00
533,Wad Madani,SD,14.4012,33.5199,75.43,81,77,12.5,broken clouds,2021-07-22 03:47:00
534,Mocuba,MZ,-16.8392,36.9856,65.1,94,21,3.56,few clouds,2021-07-22 03:47:00
535,Cobija,BO,-11.0267,-68.7692,65.12,57,0,2.15,clear sky,2021-07-22 03:47:01
536,Cheremkhovo,RU,53.1561,103.0675,74.19,55,5,3.4,clear sky,2021-07-22 03:47:01
537,Steinbach,DE,50.1667,8.5667,61.0,80,0,6.91,clear sky,2021-07-22 03:47:01
538,Kaka,TM,37.3482,59.6143,96.44,12,0,12.21,clear sky,2021-07-22 03:47:02
539,Ashland,US,40.8167,-82.2665,61.52,91,17,5.37,few clouds,2021-07-22 03:47:02
540,Ugep,NG,5.8086,8.0812,72.77,94,100,2.93,light rain,2021-07-22 03:47:02
541,Ramachandrapuram,IN,16.85,82.0167,79.21,92,100,15.66,overcast clouds,2021-07-22 03:47:03
542,Melfi,IT,40.9965,15.6514,71.98,50,19,3.51,few clouds,2021-07-22 03:47:03
543,Yeppoon,AU,-23.1333,150.7333,65.98,51,0,6.73,clear sky,2021-07-22 03:47:03
544,Harer,ET,9.3094,42.1258,57.85,79,79,5.91,broken clouds,2021-07-22 03:47:04
545,La Union,PE,-5.4,-80.75,66.43,77,1,10.38,clear sky,2021-07-22 03:47:04
546,Bara,NG,10.3744,10.7288,72.86,94,98,3.98,overcast clouds,2021-07-22 03:47:04
547,Beringovskiy,RU,63.05,179.3167,55.76,66,31,9.19,scattered clouds,2021-07-22 03:42:51
548,Egvekinot,RU,66.3167,-179.1667,44.55,72,98,11.63,overcast clouds,2021-07-22 03:47:05
549,Price,US,39.5994,-110.8107,79.86,34,1,3.44,clear sky,2021-07-22 03:47:05
550,Touros,BR,-5.1989,-35.4608,74.3,87,17,13.62,few clouds,2021-07-22 03:47:05
551,Delcevo,MK,41.9672,22.7694,54.81,83,0,2.53,clear sky,2021-07-22 03:47:06
552,Taoudenni,ML,22.6783,-3.9836,97.61,23,70,10.83,broken clouds,2021-07-22 03:47:06
553,Desdunes,HT,19.2955,-72.646,79.14,82,89,5.14,overcast clouds,2021-07-22 03:47:06
554,Botou,CN,38.0667,116.5667,74.64,90,100,8.34,light rain,2021-07-22 03:47:06
555,Mildura,AU,-34.2,142.15,48.16,61,75,17.27,light rain,2021-07-22 03:47:07
556,Vestmanna,FO,62.1564,-7.1664,50.92,93,75,10.36,broken clouds,2021-07-22 03:47:07
557,Arlit,NE,18.7369,7.3853,88.36,33,41,9.1,scattered clouds,2021-07-22 03:47:07
558,Santa Maria,BR,-29.6842,-53.8069,45.7,93,0,4.61,clear sky,2021-07-22 03:42:47
559,Lucapa,AO,-8.4192,20.7447,60.73,33,0,5.06,clear sky,2021-07-22 03:47:08
560,Jacareacanga,BR,-6.2222,-57.7528,75.99,61,17,1.72,few clouds,2021-07-22 03:47:08
561,Santa Maria Del Oro,MX,25.9333,-105.3667,69.49,66,100,2.13,overcast clouds,2021-07-22 03:47:08
562,Bay Roberts,CA,47.5999,-53.2648,51.51,98,100,5.01,overcast clouds,2021-07-22 03:47:08
563,Matara,LK,5.9485,80.5353,80.31,85,100,14.65,overcast clouds,2021-07-22 03:47:09
564,Albina,SR,5.5,-54.05,73.35,99,81,2.55,broken clouds,2021-07-22 03:47:09
565,Alexandria,EG,31.2156,29.9553,78.76,73,40,9.22,scattered clouds,2021-07-22 03:47:09
566,Mahajanga,MG,-15.7167,46.3167,69.82,68,40,5.75,scattered clouds,2021-07-22 03:47:10
567,Cervo,ES,43.6702,-7.4101,65.19,91,100,1.32,overcast clouds,2021-07-22 03:41:56
