City_ID,City,Country,Max Temp,Current Description,Lat,Lng,Hotel Name
3,Avera,US,77.72,overcast clouds,33.194,-82.5271,
4,Kapaa,US,80.92,light rain,22.0752,-159.319,Sheraton Kauai Coconut Beach Resort
8,Rikitea,PF,72.52,clear sky,-23.1203,-134.9692,People ThankYou
11,Atuona,PF,77.58,scattered clouds,-9.8,-139.0333,Villa Enata
18,Butaritari,KI,83.12,few clouds,3.0707,172.7902,Isles Sunset Lodge
20,Encheng,CN,84.96,light rain,22.1839,112.3026,Pinghu Hostel
23,Westport,US,72.75,clear sky,41.1415,-73.3579,The Westport Inn
31,Namatanai,PG,81.41,light rain,-3.6667,152.4333,Seagulls Inn Namatani
32,Salalah,OM,78.89,broken clouds,17.0151,54.0924,HAMDAN PLAZA HOTEL SALALAH
35,Buala,SB,84.04,light rain,-8.145,159.5921,Maringe Lagoon Lodge
37,Saint-Philippe,RE,71.19,scattered clouds,-21.3585,55.7679,"Chambres d'hôte ""La Trinité"""
38,Vaini,TO,77.16,few clouds,-21.2,-175.2,Keleti Beach Resort
39,Avarua,CK,78.85,clear sky,-21.2078,-159.775,Paradise Inn
42,Saint Anthony,US,75.52,haze,45.0205,-93.21799999999999,"Holiday Inn Express Roseville-St. Paul, an IHG Hotel"
44,Saint George,US,88.36,clear sky,37.1041,-113.5841,Best Western Plus Abbey Inn
48,Pitimbu,BR,72.19,few clouds,-7.4706,-34.8086,Reserva do Abiaí
51,Vostok,RU,86.0,scattered clouds,46.4856,135.8833,
53,Hilo,US,78.53,light rain,19.7297,-155.09,Hilo Hawaiian Hotel
56,Sabang,ID,83.59,scattered clouds,5.8933,95.3214,Hotel Citra
65,Mangan,IN,83.05,overcast clouds,27.5167,88.5333,Hotel Mout View
67,Mahibadhoo,MV,83.28,overcast clouds,3.7833,72.9667,Omadhoo Inn
69,Meulaboh,ID,85.62,overcast clouds,4.1363,96.1285,Kost Pria
72,Hithadhoo,MV,82.29,overcast clouds,-0.6,73.0833,Scoop Guest House
74,Alofi,NU,76.89,broken clouds,-19.0595,-169.9187,Taloa Heights
78,Nishihara,JP,80.65,heavy intensity shower rain,26.1842,127.7558,Minshuku Agaihama
80,Port Blair,IN,83.34,overcast clouds,11.6667,92.75,"Welcomhotel By ITC Hotels, Bay Island, Port Blair"
82,Airai,TL,75.18,overcast clouds,-8.9266,125.4092,Juvinal Martin
83,Ghugus,IN,79.77,overcast clouds,19.9333,79.1333,Rajiv Colony Tempo Club
86,Saint Andrews,US,76.78,overcast clouds,34.0454,-81.1293,Baymont by Wyndham Columbia Northwest
88,Wagar,SD,76.37,broken clouds,16.1525,36.2032,
89,Ouango,CF,72.21,overcast clouds,4.3133,22.5552,
90,Norsup,VU,80.65,scattered clouds,-16.0667,167.3833,Nabelchel Bungalows
98,Mount Isa,AU,80.37,clear sky,-20.7333,139.5,ibis Styles Mt Isa Verona
99,Cancun,MX,80.51,few clouds,21.1743,-86.8466,Hotel Tankah Cancun
104,Chuzhou,CN,87.4,light rain,32.3219,118.2978,GreenTree Inn Chuzhou Langya Mountain Scenic Area Xijian Road Business Hotel
105,Camocim,BR,75.29,clear sky,-2.9022,-40.8411,Hotel Ilha do Amor
107,Dzilam Gonzalez,MX,79.52,few clouds,21.2833,-88.9333,posadas
109,Wenling,CN,78.91,light rain,28.3669,121.36,Hanting Express Wenling Wanchang North Road
110,Hurghada,EG,86.04,clear sky,27.2574,33.8129,Sea Star Beau Rivage Hotel
112,Torit,SS,71.08,broken clouds,4.4133,32.5678,Diplomat Guest House
116,Zaysan,KZ,89.08,overcast clouds,47.4667,84.8667,Ерлан үй
119,Rincon,US,80.85,broken clouds,32.296,-81.2354,Days Inn Rincon
126,Tual,ID,80.13,overcast clouds,-5.6667,132.75,Grand Vilia Hotel
127,Labuhan,ID,87.12,broken clouds,-6.8844,112.2051,PT PPI Lamongan Tambak C
135,College,US,80.55,smoke,64.8569,-147.8028,Pike's Waterfront Lodge
136,Bambous Virieux,MU,73.22,scattered clouds,-20.3428,57.7575,Casa Tia Villa
137,Inirida,CO,72.43,overcast clouds,3.8653,-67.9239,Fuente del Guania Hotel de Lujo
142,Samarai,PG,78.49,overcast clouds,-10.6167,150.6667,Nuli Sapi
146,Acarau,BR,77.56,clear sky,-2.8856,-40.12,castelo pizzaria
158,Pineville,US,80.49,few clouds,31.3224,-92.4343,"Country Inn & Suites by Radisson, Pineville, LA"
159,Maturin,VE,72.19,overcast clouds,9.75,-63.1767,Hotel Residencial La Pichincha
160,Rio Grande City,US,74.75,broken clouds,26.3798,-98.8203,La Borde House
164,Artyom,AZ,86.14,overcast clouds,40.4723,50.333,Merdan Respect
165,Sungaipenuh,ID,82.53,broken clouds,-2.0833,101.3833,Hotel Jaya Wisata 2
167,Luganville,VU,81.77,scattered clouds,-15.5333,167.1667,The Espiritu Hotel
169,Carauari,BR,71.08,scattered clouds,-4.8828,-66.8958,Hotel Fellip
172,Quatre Cocos,MU,73.09,broken clouds,-20.2078,57.7625,Sunrise Attitude Hotel
173,Effingham,US,80.85,overcast clouds,32.3669,-81.3332,Elizabeth Hobbs
175,Puerto Escondido,MX,80.11,overcast clouds,15.85,-97.0667,Aldea del Bazar Hotel and Spa
177,Kurchum,KZ,86.22,overcast clouds,48.5722,83.6542,"Gostinitsa ""Kneda"""
178,Mashhad,IR,87.94,few clouds,36.297,59.6062,Khanye Sabz Hotel
179,Pochutla,MX,79.83,broken clouds,15.7432,-96.4661,Hotel Posada San Jose
183,San Patricio,US,80.83,scattered clouds,28.017,-97.5169,"Motel 6 Sinton, TX"
187,Souillac,MU,73.36,scattered clouds,-20.5167,57.5167,Shanti Maurice Resort & Spa
188,Alexandria,EG,80.56,scattered clouds,31.2156,29.9553,Royal Crown Hotel
191,De-Kastri,RU,78.01,overcast clouds,51.4667,140.7833,Somon Hotel
193,Kavieng,PG,82.89,overcast clouds,-2.5744,150.7967,Nusa Island Retreat
194,Hato Mayor,DO,72.43,clear sky,18.7629,-69.256,Aparta Hotel Don Olivo
195,Aguadilla,PR,78.67,clear sky,18.4275,-67.1541,WSSM Surf House
196,Vao,NC,71.13,overcast clouds,-22.6667,167.4833,Hotel Kou-Bugny
199,Fairbanks,US,80.56,smoke,64.8378,-147.7164,Westmark Fairbanks Hotel & Conference Center
201,Chumikan,RU,82.72,broken clouds,54.7183,135.315,Fortuna
202,Yulara,AU,75.04,clear sky,-25.2406,130.9889,Desert Gardens Hotel - Ayers Rock Resort
205,Xam Nua,LA,77.85,overcast clouds,20.4197,104.0439,Xee Wang Guesthouse
207,Bakel,SN,83.55,clear sky,14.905,-12.4568,Ablaye Diallo Bakel
210,Marzuq,YE,76.53,clear sky,14.4,46.4667,
211,Mahebourg,MU,73.26,scattered clouds,-20.4081,57.7,Shandrani Beachcomber Resort & Spa
213,Astana,KZ,75.15,clear sky,51.1801,71.446,King Hotel Astana
214,Gilgit,PK,80.02,few clouds,35.9221,74.3087,Tourist Hamlet Gilgit
218,Meridian,US,85.05,haze,43.6121,-116.3915,Courtyard by Marriott Boise West/Meridian
221,Alexander City,US,75.38,clear sky,32.944,-85.9539,Hampton Inn Alexander City
222,Mbaiki,CF,71.51,overcast clouds,3.8678,17.9892,
223,Poum,NC,72.36,clear sky,-20.2333,164.0167,Gîte kajeon
226,Kahului,US,80.62,scattered clouds,20.8947,-156.47,Maui Seaside Hotel
227,Melendugno,IT,76.66,clear sky,40.2747,18.3368,Alba Bed & Breakfast Melendugno
228,Kavaratti,IN,82.56,overcast clouds,10.5669,72.642,Hotels in Lakshadweep Islands
230,Rayevskiy,RU,80.47,few clouds,54.0658,54.9468,Gostinitsa
232,Tecoanapa,MX,77.11,broken clouds,16.5167,-98.75,Hotel Manglares
234,Aktanysh,RU,77.22,moderate rain,55.7216,54.0829,"Gostinitsa ""Aktanysh"""
239,Xingcheng,CN,82.02,overcast clouds,40.6167,120.7167,New Century Hotel
241,Laguna,US,86.5,clear sky,38.421,-121.4238,"Holiday Inn Express & Suites Elk Grove Central - Hwy 99, an IHG Hotel"
243,Cananea,MX,77.76,few clouds,30.95,-110.3,Casas Montoya
246,Jizan,SA,81.54,scattered clouds,17.3333,42.6667,شهدان. ابوالحجر
247,Nam Phong,TH,88.12,overcast clouds,16.7023,102.8557,Koon Garden Resort
250,Gornopravdinsk,RU,73.81,scattered clouds,60.05,69.9,Burovik
251,Dingle,PH,86.32,broken clouds,10.9995,122.6711,SEGAYA PROPERTY
252,Makakilo City,US,79.12,light intensity drizzle,21.3469,-158.0858,Marriott's Ko Olina Beach Club
253,Marawi,PH,81.43,overcast clouds,7.9986,124.2928,Derogongan Residence
254,Hambantota,LK,86.34,few clouds,6.1241,81.1185,Bungalow 63
255,Topolobampo,MX,88.11,broken clouds,25.6,-109.05,Hotel Marina Topolobampo
256,Shimoda,JP,86.36,clear sky,34.6667,138.95,Shimoda Tokyu Hotel
257,Sao Filipe,CV,75.81,scattered clouds,14.8961,-24.4956,Hotel Xaguate
258,Cayenne,GF,82.09,clear sky,4.9333,-52.3333,Hôtel Le Dronmi
259,Ciudad Bolivar,VE,75.47,overcast clouds,8.1222,-63.5497,Hotel Edi
261,Akdepe,TM,89.69,clear sky,42.0551,59.3788,Мой дом
262,Kieta,PG,80.58,moderate rain,-6.2167,155.6333,Uruna Bay Retreat
265,Aklavik,CA,81.32,broken clouds,68.2191,-135.0107,Aklavik Inn
270,Faanui,PF,78.94,few clouds,-16.4833,-151.75,Bora-Bora Pearl Beach Resort & Spa
271,Sao Jose Da Coroa Grande,BR,74.19,few clouds,-8.8978,-35.1478,Crôa Mares Hotel
272,Gainesville,US,77.76,clear sky,29.6516,-82.3248,"Holiday Inn Gainesville-University Ctr, an IHG Hotel"
274,Paka,MY,85.98,few clouds,4.6374,103.4368,RUMBIA RESORT VILLA
275,Sinnamary,GF,78.57,few clouds,5.3833,-52.95,ALETHEIA Appartement Sinnamary
277,Banjar,ID,84.06,few clouds,-8.19,114.9675,The Hamsa Resort
280,Porto Novo,BJ,76.82,broken clouds,6.4965,2.6036,Tour Eiffel Hotel Benin
281,Bengkulu,ID,84.15,broken clouds,-3.8004,102.2655,Grage Hotel Bengkulu
284,Natitingou,BJ,71.35,overcast clouds,10.3042,1.3796,Auberge Centrale
285,Muli,MV,82.33,overcast clouds,2.9167,73.5667,Medhufushi Island Resort
287,Belyy Yar,RU,75.09,clear sky,53.6039,91.3903,Pasportnyy Stol
289,Sangar,RU,77.11,broken clouds,63.9242,127.4739,
290,Myitkyina,MM,78.76,overcast clouds,25.3833,97.4,Shwe Phyu Hotel
293,Richmond,US,75.15,haze,37.5538,-77.4603,The Jefferson Hotel
296,Arlit,NE,86.97,scattered clouds,18.7369,7.3853,Case de Passage De la Prefecture
297,Bilma,NE,87.49,scattered clouds,18.6853,12.9164,Expeditions Ténére voyages
298,Cap Malheureux,MU,73.47,light rain,-19.9842,57.6142,Pereybere Hotel & Spa
299,North Battleford,CA,73.49,clear sky,52.7834,-108.2847,Tropical Inn
300,Vanimo,PG,84.33,overcast clouds,-2.6741,141.3028,Vahmoneh Lodge Vanimo
301,Pombas,CV,74.98,broken clouds,17.1503,-25.0201,Paul Paradis
306,Omboue,GA,72.3,overcast clouds,-1.5746,9.2618,Hotel Olako
307,Waddan,LY,74.82,clear sky,29.1614,16.139,محل الشريف محمد العايب
310,Marsh Harbour,BS,83.23,overcast clouds,26.5412,-77.0636,Abaco Beach Resort
311,Ambon,ID,78.94,light rain,-3.6954,128.1814,Swiss-Belhotel Ambon
312,Mlonggo,ID,89.49,overcast clouds,-6.5333,110.7,Asia Metal Art
316,Pasni,PK,85.32,clear sky,25.2631,63.471000000000004,Kashmiri Hotal
318,Basco,PH,82.49,overcast clouds,20.4487,121.9702,Nathaniel's Lodge
320,Muisne,EC,75.96,broken clouds,0.6,-80.0333,Quinta Samay
323,Xingyi,CN,75.07,broken clouds,24.1877,102.81700000000001,
326,La Ronge,CA,70.05,smoke,55.1001,-105.2842,Northland Motor Hotel
327,Ixtapa,MX,79.56,overcast clouds,20.7,-105.2,Hotel Plaza Providencia
328,Baruun-Urt,MN,86.95,light rain,46.6806,113.2792,Ахмадын амралт сувилал
329,Parrita,CR,83.97,overcast clouds,9.5201,-84.3225,Beso del Viento
331,Calgary,CA,71.02,smoke,51.0501,-114.0853,Ramada Plaza by Wyndham Calgary Downtown
332,Agnanteron,GR,73.18,clear sky,39.4872,21.8456,Παππάς Π.Απόστολος
333,Turayf,SA,71.85,clear sky,31.6725,38.6637,Turaif
334,Tumsar,IN,84.43,overcast clouds,21.3833,79.7333,Sai Guest House
337,Grenville,GD,80.65,overcast clouds,12.1167,-61.6167,Valley Breeze Guest House
340,Kapoeta,SS,76.77,broken clouds,4.7717,33.5903,Eastgate Hotel
342,Umuahia,NG,72.34,overcast clouds,5.5263,7.4896,Hotel Macbek Limited
343,Vung Tau,VN,86.5,overcast clouds,10.345999999999998,107.0843,Green hotel
344,Port Hedland,AU,87.85,clear sky,-20.3167,118.5667,The Esplanade Hotel
345,Playas,EC,70.95,broken clouds,-2.6333,-80.3833,Hostal Promenade
346,Tubmanburg,LR,73.31,light rain,6.8708,-10.8172,LITTLE WAY GUEST HOUSE
347,Araceli,PH,85.1,overcast clouds,10.5529,119.9913,JBryan Traveler's Inn
353,Sibu,MY,86.31,scattered clouds,2.3,111.8167,RH HOTEL (4 Star)
355,Santa Rosa,PH,81.91,heavy intensity rain,14.3122,121.1114,Erlyn’s Sta Rosa City Home
357,Pemangkat,ID,88.0,overcast clouds,1.1667,108.9667,Ramah Kost KITA
360,Shymkent,KZ,84.79,clear sky,42.3,69.6,Orbita Boutique Hotel
362,Chara,RU,76.28,overcast clouds,56.9064,118.2631,
363,Nabire,ID,76.57,overcast clouds,-3.3667,135.4833,Hotel Nusantara Nabire
364,Nioro,GM,78.4,overcast clouds,13.35,-15.75,
365,Abay,KZ,73.78,clear sky,49.6311,72.8539,Guest House on Abaya 144
366,Muleba,TZ,71.87,clear sky,-1.8397,31.6544,DIGNITY GUEST (RUGAIMUKAMU)
367,Puerto Ayora,EC,71.55,overcast clouds,-0.7393,-90.3518,Finch Bay Galapagos Hotel
368,Bubaque,GW,80.47,light rain,11.2833,-15.8333,"Casa Dora, Bubaque"
370,Aquiraz,BR,79.18,few clouds,-3.9014,-38.3911,Pousada Rua Camurupim
371,Aguada De Pasajeros,CU,73.54,few clouds,22.385,-80.8508,Soles de Marti
372,Jacksonville,US,79.02,mist,30.3322,-81.6556,Hyatt Regency Jacksonville Riverfront
373,Carupano,VE,76.68,overcast clouds,10.6678,-63.2585,Hotel La dorada
374,Kamaishi,JP,85.15,overcast clouds,39.2667,141.8833,Hotel Route Inn Kamaishi
375,Guymon,US,73.4,clear sky,36.6828,-101.4816,Super 8 Guymon
377,Silifke,TR,84.0,clear sky,36.3778,33.9344,Ayatekla Hotel
380,Mayumba,GA,70.0,broken clouds,-3.432,10.6554,LIKWALE LODGE
381,Fenoarivo Atsinanana,MG,70.18,broken clouds,-17.3667,49.4167,L'Oasis Lodge
383,Erenhot,CN,87.67,overcast clouds,43.6475,111.9767,Erenhot Rurouni Youth Hostel
388,Dicabisagan,PH,85.78,overcast clouds,17.0818,122.4157,Nancy Montanes Bernardo
390,Yicheng,CN,87.46,broken clouds,31.3705,119.8703,GreenTree Alliance Wuxi Yixing Jinyizhong Road Chengbei RT-Market Hotel
392,Tukrah,LY,79.72,broken clouds,32.5341,20.5791,Lokta restaurant
397,Altay,CN,89.55,overcast clouds,47.8667,88.1167,Jinqiao Hotel
398,Matamoros,MX,74.1,clear sky,25.5333,-103.25,Quinta Belem
399,Najran,SA,75.85,few clouds,17.4924,44.1277,محمد هادي ال فطيح
401,Verkhnevilyuysk,RU,80.19,broken clouds,63.4453,120.3167,Gostinitsa Mila
402,Brigantine,US,72.01,clear sky,39.4101,-74.3646,Legacy Vacation Resorts Brigantine Beach
404,Shenjiamen,CN,81.79,scattered clouds,29.9576,122.29799999999999,Jinjiang Inn Zhoushan Putuo Shenjiamen
408,Borogontsy,RU,78.37,broken clouds,62.6683,131.1683,
409,Bozhou,CN,82.31,overcast clouds,33.8772,115.7703,Haitian Hotel
411,Olinda,BR,74.93,broken clouds,-8.0089,-34.8553,Hotel Albergue de Olinda
412,Kanigoro,ID,86.13,scattered clouds,-8.13,112.219,Musafer Villa ( Villa Erlin )
413,Conde,BR,71.06,broken clouds,-7.2597,-34.9075,Pousada Beija Flor
414,Port-Gentil,GA,73.89,overcast clouds,-0.7193,8.7815,Fengshui Residence
415,Abonnema,NG,75.25,overcast clouds,4.7084,6.7931,Corper's Lodge Obonoma
417,Adrar,MR,80.82,broken clouds,20.5022,-10.0711,
418,Cortes,ES,76.6,clear sky,41.9395,-1.4396,Rincon de bu
420,Cabo San Lucas,MX,88.52,clear sky,22.8909,-109.9124,Hotel Tesoro Los Cabos
421,Teguldet,RU,77.54,broken clouds,57.3064,88.1667,
422,Kismayo,SO,78.49,few clouds,-0.3582,42.5454,Agan-Hotel
423,San Francisco Del Mar,MX,81.84,scattered clouds,16.2333,-94.65,
424,Cockburn Town,TC,81.18,few clouds,21.4612,-71.1419,Osprey Beach Hotel
428,Wenzhou,CN,87.33,broken clouds,27.9994,120.6668,温州喜来登酒店
431,Pacatuba,BR,78.46,few clouds,-3.9842,-38.6203,Pousada das Andreias
434,Komsomolskiy,UZ,83.12,clear sky,40.4272,71.7189,Ikathouse
435,Shache,CN,78.46,scattered clouds,38.4167,77.2406,Delong Hotel
436,Barra Patuca,HN,79.72,broken clouds,15.8,-84.2833,
437,Moindou,NC,76.95,few clouds,-21.6924,165.67700000000002,Gite de la RYAWA
438,Hobyo,SO,80.22,broken clouds,5.3505,48.5268,Halane Hotel and Restaurent
440,Miri,MY,89.74,scattered clouds,4.4148,114.0089,"Mega Hotel, Miri"
444,Sibolga,ID,86.31,broken clouds,1.7427,98.7792,Hotel Syariah CN Darussalam
446,Fillmore,US,72.59,scattered clouds,43.6666,-92.1002,Country Trails Inn & Suites
448,Karmala,IN,74.61,overcast clouds,18.4167,75.2,Hotel Ashutosh And Lodge
449,Yumen,CN,86.7,overcast clouds,40.2833,97.2,
451,Palestina,PS,70.47,scattered clouds,31.9216,35.2033,Grand Park Hotel
452,San Lazaro,BZ,75.49,broken clouds,18.0387,-88.6622,
453,Bafoulabe,ML,79.52,overcast clouds,13.8065,-10.8321,
456,Bamora,IN,80.11,overcast clouds,24.0552,78.0909,Golu Hotel
458,Tucurui,BR,73.08,broken clouds,-3.7661,-49.6725,BBB Rooms Centro Tucurui PA
459,Ha Tinh,VN,80.47,overcast clouds,18.3333,105.9,Phú Quý
460,Acapulco,MX,80.1,broken clouds,16.8634,-99.8901,HS Hotsson Smart Acapulco
461,Qui Nhon,VN,85.06,overcast clouds,13.7667,109.2333,Hoang Yen Canary Hotel
462,Yerbogachen,RU,76.46,overcast clouds,61.2767,108.0108,
463,Guangyuan,CN,87.82,clear sky,32.442,105.823,Guangyuan Poetry Hotel
465,Kalmunai,LK,89.38,overcast clouds,7.4167,81.8167,VS Villa
467,Majene,ID,77.04,overcast clouds,-3.5403,118.9707,Kost Putri RABBANI
468,Negombo,LK,84.25,scattered clouds,7.2083,79.8358,Hotel Sunset Beach
469,Dwarka,IN,84.13,overcast clouds,22.2394,68.9678,Hotel Narayan Avezika Comfort
470,Gallup,US,72.36,overcast clouds,35.5281,-108.7426,El Capitan Motel
474,Umm Lajj,SA,88.05,few clouds,25.0213,37.2685,Moon light Furnished Units
476,Saint-Pierre,RE,71.28,clear sky,-21.3393,55.4781,Lindsey Hôtel
486,La Baule-Escoublac,FR,71.87,clear sky,47.2922,-2.364,Hôtel Barrière Le Royal La Baule
489,Aliartos,GR,79.86,clear sky,38.3667,23.1,Κήποι Αλιάρτου
492,Isla Mujeres,MX,82.47,few clouds,21.2311,-86.73100000000001,Hotel La Joya Isla Mujeres
493,San Antonio,US,77.16,clear sky,29.4241,-98.4936,Drury Plaza Hotel San Antonio Riverwalk
494,Tarkwa,GH,70.21,broken clouds,5.3064,-1.9847,Te Deum Lodge
495,Sira,IN,73.04,overcast clouds,13.7453,76.9092,Sri Venkateshwara Lodge
499,Itarema,BR,78.17,clear sky,-2.9248,-39.9167,"Sea Lounge! Bar, Club & Restaurant"
500,Nidadavole,IN,79.11,light rain,16.9167,81.6667,Prasad home
502,Saiha,IN,81.43,broken clouds,22.4833,92.9667,"Circuit House, Siaha"
505,Mokhsogollokh,RU,82.42,clear sky,61.4681,128.9203,
506,Praia,CV,76.57,scattered clouds,14.9215,-23.5087,LT Aparthotel
510,Asyut,EG,86.18,clear sky,27.180999999999997,31.1837,Florence Hotel Assiut
513,Jinji,CN,87.42,overcast clouds,23.2281,110.8261,
514,Bongandanga,CD,72.57,overcast clouds,1.5,21.05,
515,Virginia Beach,US,75.25,overcast clouds,36.8529,-75.97800000000001,Hilton Virginia Beach Oceanfront
516,Tuy Hoa,VN,89.46,overcast clouds,13.0833,109.3,CenDeluxe Hotel Tuy Hoa
518,Radhanpur,IN,87.1,overcast clouds,23.8333,71.6,YASH HOTEL
522,Jiuquan,CN,87.64,overcast clouds,39.7432,98.5174,Jiuquan Hotel
523,Noumea,NC,76.98,scattered clouds,-22.2763,166.4572,Hôtel Le Lagon
528,Sayat,TM,89.47,clear sky,38.7839,63.8803,
531,Champerico,GT,82.35,scattered clouds,14.3,-91.9167,"Hotel y restaurante ""El Diamante"""
533,Pennagaram,IN,79.99,overcast clouds,12.1333,77.9,Ranga Lodge
536,Bathsheba,BB,81.21,scattered clouds,13.2167,-59.5167,Atlantis Hotel
537,Xining,CN,83.05,few clouds,36.6167,101.7667,Super Leisure Hotel
539,Aksha,RU,72.97,overcast clouds,50.2814,113.2867,
544,Kargasok,RU,77.41,broken clouds,59.0556,80.8572,Hotel Kargasok
546,Tinaquillo,VE,70.36,broken clouds,9.9186,-68.3047,Hotel Los Copihues
547,Padang,ID,86.09,broken clouds,-0.9492,100.3543,Mercure Padang
548,Fonte Boa,BR,76.35,overcast clouds,-2.4959,-66.2662,
549,Ninh Binh,VN,82.94,overcast clouds,20.2539,105.975,Kinh Do Hotel
552,Abu Samrah,SY,77.61,clear sky,35.3029,37.1841,
554,Boa Vista,BR,78.78,overcast clouds,2.8197,-60.6733,Aipana Plaza Hotel
558,Waingapu,ID,85.93,overcast clouds,-9.6567,120.2641,Pondok Wisata Elim
563,Lahaina,US,80.6,overcast clouds,20.8783,-156.6825,Lahaina Shores Beach Resort
565,Puerto Gaitan,CO,72.09,broken clouds,4.3133,-72.0816,Brisas del Yucao
566,Lazaro Cardenas,MX,80.28,scattered clouds,17.9583,-102.2,quinta antigua
571,Jalu,LY,79.0,clear sky,29.0331,21.5482,صاحبة الفخامة
572,Wajima,JP,86.68,scattered clouds,37.4,136.9,Wajiima Onsen Yashio
575,Rach Gia,VN,76.95,overcast clouds,10.0167,105.0833,Nhà Hàng Hòa Giang
579,Nanhai,CN,89.73,light rain,30.1282,111.7784,Jingnan Hotel
581,Dong Xoai,VN,86.9,overcast clouds,11.5333,106.9167,Khách Sạn Bình Phước - Khách Sạn Ngọc Lan
582,Katsuura,JP,89.71,few clouds,35.1333,140.3,Katsuura Hotel Mikazuki
583,Xudat,AZ,88.47,scattered clouds,41.631,48.681000000000004,
584,Petropavlovka,RU,75.11,clear sky,50.6114,105.3196,Tuyaa
585,Hirara,JP,82.67,mist,24.8,125.2833,Hotel Atoll Emerald Miyakojima
589,Lawrenceburg,US,73.29,clear sky,38.0373,-84.8966,Best Western Lawrenceburg Inn
590,Catuday,PH,79.88,moderate rain,16.2923,119.8062,Benjie's Kubo & Cottages
593,Lorengau,PG,84.45,overcast clouds,-2.0226,147.2712,Lorengau Harbourside Hotel
594,Shingu,JP,86.99,broken clouds,33.7333,135.9833,Shingu UI Hotel
595,Monrovia,LR,76.62,light rain,6.3005,-10.7969,Sunset Inn
596,Nemuro,JP,79.23,broken clouds,43.3236,145.575,Hotel Nemuro Kaiyoutei
598,Durusu,TR,74.34,few clouds,41.3053,28.6767,Çınar Pansiyon
599,Agadez,NE,85.75,few clouds,19.75,10.25,
600,Kashi,CN,72.23,scattered clouds,39.4547,75.9797,帕米尔青年旅舍
602,Yurty,RU,74.95,clear sky,56.0498,97.6348,Gostinitsa Khutorok
603,Atambua,ID,84.27,overcast clouds,-9.1061,124.8925,Pastori 1 Jemaat Polycarpus
605,Sabinas Hidalgo,MX,75.7,broken clouds,26.5,-100.1667,Hotel Real Santiago De Las Sabinas
606,Kiunga,PG,80.89,overcast clouds,-6.1219,141.2906,Airport Lodge Kiunga
609,Mayo,US,75.94,clear sky,38.8876,-76.5119,Resorts Resource Group International
612,Karatau,KZ,86.65,clear sky,43.1667,70.4667,Gor.bol'nitsa
614,Bogalusa,US,81.73,scattered clouds,30.791,-89.8487,Traveler's Rest Motel
621,Saint-Joseph,RE,70.18,scattered clouds,-21.3667,55.6167,"""Plantation Bed and Breakfast"
622,Barao De Melgaco,BR,70.32,clear sky,-16.1944,-55.9675,Tuiuiu Pantanal Hotel
623,Bouillante,GP,76.23,scattered clouds,16.1304,-61.7692,Gîtes Dardanelle
624,Karpathos,GR,78.76,few clouds,35.507,27.2132,Alex
625,Petukhovo,RU,75.88,broken clouds,55.0692,67.9019,Гостиница
626,Campo Maior,BR,71.42,clear sky,-4.8278,-42.1686,Elite Hotel
628,Wattegama,LK,85.12,overcast clouds,6.7989,81.4808,
629,Mattru,SL,73.89,overcast clouds,7.6244,-11.8332,"Mondkor Town, Bagbo Chiefdom, Bo District"
631,Sakata,JP,84.38,few clouds,38.9167,139.855,Hotel Rich & Garden Sakata
632,Guanica,PR,79.25,clear sky,17.9716,-66.908,Copamarina Beach Resort & Spa
633,Krasnoselkup,RU,73.49,overcast clouds,65.7,82.4667,Krasnosel'kupnefteprodukt
638,Moerai,PF,73.58,few clouds,-22.4333,-151.3333,Le Manotel
639,Maceio,BR,71.04,scattered clouds,-9.6658,-35.7353,Poutur Pousada
641,Pundaguitan,PH,85.26,scattered clouds,6.3711,126.1689,Leonardo Family Beach House 1
646,Nagato,JP,84.15,overcast clouds,34.3833,131.2,いそう庵
647,Bulgan,MN,74.16,clear sky,48.8125,103.5347,Unitel Булган салбар
648,Morro Bay,US,78.39,clear sky,35.3658,-120.8499,Inn at Morro Bay
649,Gambela,ET,71.51,overcast clouds,8.25,34.5833,Solomon Debebe Hotel
653,Tura,IN,88.02,overcast clouds,25.5198,90.2201,Hotel RIKMAN Continental
654,Singaparna,ID,86.16,scattered clouds,-7.3515,108.111,Wisma Dewi Hotel
655,Chastyye,RU,71.6,light rain,57.2888,54.9728,
656,Bemidji,US,71.89,scattered clouds,47.4736,-94.8803,Hampton Inn & Suites Bemidji
660,Mandalgovi,MN,74.21,few clouds,45.7625,106.2708,В.Ганбат
661,Gat,IL,78.91,few clouds,31.61,34.7642,OlusHome
662,Touros,BR,72.5,few clouds,-5.1989,-35.4608,INN NEW HORIZON
664,Ho Chi Minh City,VN,80.62,broken clouds,10.75,106.6667,Windsor Plaza Hotel
667,Gold Coast,AU,70.77,scattered clouds,-28.0,153.4333,Mantra Towers of Chevron Surfers Paradise
669,Fort Smith,US,74.37,clear sky,35.3859,-94.3986,Hampton Inn Fort Smith
670,Zabaykalsk,RU,87.46,clear sky,49.6333,117.3167,Zheleznyy Mir
